run	request	queue_wait_us	backend_us	run_post_us	total_us	transfer_status
run01	0x1	6	19	4	29	0
run01	0x1	4	9	4	17	0
run01	0x1	4	12	4	20	0
run01	0x1	5	9	4	18	0
run01	0x1	3	8	4	15	0
run01	0x1	3	7	4	14	0
run01	0x1	4	7	4	15	0
run01	0x1	4	8	3	15	0
run01	0x1	3	10	3	16	0
run01	0x1	3	18	4	25	0
run01	0x1	4	8	4	16	0
run01	0x1	4	8	4	16	0
run01	0x1	3	8	3	14	0
run01	0x1	3	9	3	15	0
run01	0x1	3	11	4	18	0
run01	0x1	3	8	3	14	0
run01	0x1	3	13	4	20	0
run01	0x1	4	10	3	17	0
run01	0x1	3	10	3	16	0
run01	0x1	4	8	3	15	0
run01	0x1	4	12	3	19	0
run01	0x1	4	6	4	14	0
run01	0x1	3	10	4	17	0
run01	0x1	4	13	4	21	0
run01	0x1	3	9	3	15	0
run01	0x1	3	10	4	17	0
run01	0x1	4	9	4	17	0
run01	0x1	4	9	3	16	0
run01	0x1	4	6	4	14	0
run01	0x1	4	10	4	18	0
run01	0x1	4	13	4	21	0
run01	0x1	4	10	3	17	0
run01	0x1	3	8	3	14	0
run01	0x1	4	8	4	16	0
run01	0x1	4	9	3	16	0
run01	0x1	3	11	4	18	0
run01	0x1	4	9	4	17	0
run01	0x1	3	14	3	20	0
run01	0x1	3	8	3	14	0
run01	0x1	3	9	3	15	0
run01	0x1	4	9	3	16	0
run01	0x1	3	11	4	18	0
run01	0x1	4	9	3	16	0
run01	0x1	4	12	3	19	0
run01	0x1	3	7	4	14	0
run01	0x1	4	7	4	15	0
run01	0x1	3	9	4	16	0
run01	0x1	3	7	3	13	0
run01	0x1	3	8	4	15	0
run01	0x1	3	22	4	29	1
run01	0x2	8	17	5	30	0
run01	0x2	4	14	4	22	0
run01	0x2	4	8	3	15	0
run01	0x2	3	11	4	18	0
run01	0x2	3	15	4	22	0
run01	0x2	3	16	4	23	0
run01	0x2	4	12	3	19	0
run01	0x2	4	13	4	21	0
run01	0x2	4	7	4	15	0
run01	0x2	3	8	4	15	0
run01	0x2	5	10	3	18	0
run01	0x2	4	11	4	19	0
run01	0x2	3	9	4	16	0
run01	0x2	3	11	4	18	0
run01	0x2	4	11	4	19	0
run01	0x2	5	11	4	20	0
run01	0x2	4	10	4	18	0
run01	0x2	4	13	4	21	0
run01	0x2	3	16	4	23	0
run01	0x2	4	8	3	15	0
run01	0x2	3	17	3	23	0
run01	0x2	3	10	3	16	0
run01	0x2	4	14	3	21	0
run01	0x2	3	8	3	14	0
run01	0x2	4	10	4	18	0
run01	0x2	3	8	3	14	0
run01	0x2	3	17	3	23	0
run01	0x2	3	11	3	17	0
run01	0x2	4	20	4	28	1
run01	0x3	4	14	4	22	1
run01	0x4	13	36	7	56	1
run01	0x5	6	17	5	28	0
run01	0x5	4	18	4	26	0
run01	0x5	4	19	4	27	1
run01	0x6	5	16	5	26	1
run01	0x1	15	31	13	59	0
run01	0x1	11	16	11	38	0
run01	0x1	11	21	10	42	0
run01	0x1	11	16	10	37	0
run01	0x1	10	17	11	38	0
run01	0x1	11	16	11	38	0
run01	0x1	11	15	10	36	0
run01	0x1	11	22	11	44	0
run01	0x1	12	18	11	41	0
run01	0x1	11	13	10	34	0
run01	0x1	10	13	10	33	0
run01	0x1	10	15	10	35	0
run01	0x1	10	15	11	36	0
run01	0x1	11	11	11	33	0
run01	0x1	10	13	11	34	0
run01	0x1	11	15	11	37	0
run01	0x1	11	14	10	35	0
run01	0x1	11	15	10	36	0
run01	0x1	11	14	10	35	0
run01	0x1	11	12	11	34	0
run01	0x1	11	13	11	35	0
run01	0x1	11	18	11	40	0
run01	0x1	10	17	11	38	0
run01	0x1	10	19	11	40	0
run01	0x1	11	16	10	37	0
run01	0x1	11	19	10	40	0
run01	0x1	11	13	10	34	0
run01	0x1	11	13	12	36	0
run01	0x1	11	18	11	40	0
run01	0x1	10	48	12	70	1
run01	0x2	11	17	11	39	1
run01	0x7	5	25	4	34	1
run01	0x8	5	16	4	25	0
run01	0x8	4	17	5	26	0
run01	0x8	4	7	3	14	0
run01	0x8	4	7	3	14	0
run01	0x8	4	11	3	18	0
run01	0x8	4	9	4	17	0
run01	0x8	3	12	3	18	1
run01	0x9	5	12	4	21	0
run01	0x9	5	14	5	24	1
run01	0xa	5	24	5	34	1
run01	0xb	7	11	5	23	0
run01	0xb	5	12	4	21	0
run01	0xb	5	9	4	18	0
run01	0xb	5	10	5	20	0
run01	0xb	6	9	5	20	0
run01	0xb	5	10	5	20	0
run01	0xb	5	14	4	23	1
run01	0xc	6	20	6	32	1
run01	0x3	13	36	13	62	1
run01	0x4	11	17	11	39	1
stress_b32_run01	0x1	8	19	12	39	0
stress_b32_run01	0x1	5	8	10	23	0
stress_b32_run01	0x1	5	9	10	24	0
stress_b32_run01	0x1	5	10	10	25	0
stress_b32_run01	0x1	5	12	10	27	0
stress_b32_run01	0x1	5	11	10	26	0
stress_b32_run01	0x1	5	8	11	24	0
stress_b32_run01	0x1	5	9	10	24	0
stress_b32_run01	0x1	4	10	10	24	0
stress_b32_run01	0x1	5	10	9	24	0
stress_b32_run01	0x1	4	11	10	25	0
stress_b32_run01	0x1	5	8	10	23	0
stress_b32_run01	0x1	5	10	10	25	0
stress_b32_run01	0x1	5	11	10	26	0
stress_b32_run01	0x1	5	10	10	25	0
stress_b32_run01	0x1	5	11	11	27	0
stress_b32_run01	0x1	5	8	9	22	0
stress_b32_run01	0x1	5	9	16	30	0
stress_b32_run01	0x1	5	8	9	22	0
stress_b32_run01	0x1	5	11	9	25	0
stress_b32_run01	0x1	5	10	10	25	0
stress_b32_run01	0x1	4	9	14	27	0
stress_b32_run01	0x1	5	8	11	24	0
stress_b32_run01	0x1	5	10	10	25	0
stress_b32_run01	0x1	4	10	10	24	0
stress_b32_run01	0x1	5	11	10	26	0
stress_b32_run01	0x1	5	8	10	23	0
stress_b32_run01	0x1	5	8	10	23	0
stress_b32_run01	0x1	5	10	11	26	0
stress_b32_run01	0x1	5	7	10	22	0
stress_b32_run01	0x1	4	10	11	25	0
stress_b32_run01	0x1	5	11	10	26	0
stress_b32_run01	0x1	5	10	10	25	0
stress_b32_run01	0x1	5	10	11	26	0
stress_b32_run01	0x1	5	9	10	24	0
stress_b32_run01	0x1	5	11	9	25	0
stress_b32_run01	0x1	5	11	10	26	0
stress_b32_run01	0x1	4	10	9	23	0
stress_b32_run01	0x1	5	10	11	26	0
stress_b32_run01	0x1	4	10	10	24	0
stress_b32_run01	0x1	5	10	9	24	0
stress_b32_run01	0x1	5	10	14	29	0
stress_b32_run01	0x1	5	8	10	23	0
stress_b32_run01	0x1	4	10	10	24	0
stress_b32_run01	0x1	5	19	14	38	1
stress_b32_run01	0x2	11	39	11	61	1
stress_b32_run01	0x3	7	17	10	34	0
stress_b32_run01	0x3	4	8	7	19	0
stress_b32_run01	0x3	4	7	7	18	0
stress_b32_run01	0x3	3	9	7	19	0
stress_b32_run01	0x3	4	10	9	23	0
stress_b32_run01	0x3	4	7	8	19	0
stress_b32_run01	0x3	3	12	8	23	0
stress_b32_run01	0x3	4	9	8	21	0
stress_b32_run01	0x3	4	7	9	20	0
stress_b32_run01	0x3	4	7	9	20	0
stress_b32_run01	0x3	4	7	7	18	0
stress_b32_run01	0x3	4	7	8	19	0
stress_b32_run01	0x3	3	10	8	21	0
stress_b32_run01	0x3	4	8	8	20	0
stress_b32_run01	0x3	4	7	7	18	0
stress_b32_run01	0x3	3	9	8	20	0
stress_b32_run01	0x3	3	8	9	20	0
stress_b32_run01	0x3	3	8	9	20	0
stress_b32_run01	0x3	4	9	8	21	0
stress_b32_run01	0x3	3	10	8	21	0
stress_b32_run01	0x3	4	8	9	21	0
stress_b32_run01	0x3	4	10	7	21	0
stress_b32_run01	0x3	3	10	9	22	0
stress_b32_run01	0x3	4	8	9	21	0
stress_b32_run01	0x3	4	7	12	23	0
stress_b32_run01	0x3	3	9	7	19	0
stress_b32_run01	0x3	4	9	8	21	0
stress_b32_run01	0x3	3	9	9	21	0
stress_b32_run01	0x3	3	8	12	23	0
stress_b32_run01	0x3	3	10	9	22	0
stress_b32_run01	0x3	3	16	8	27	1
stress_b32_run01	0x4	4	13	14	31	1
stress_b32_run01	0x5	5	19	8	32	1
stress_b32_run01	0x6	5	12	10	27	0
stress_b32_run01	0x6	4	13	8	25	1
stress_b32_run01	0x7	5	11	9	25	1
stress_b32_run01	0x8	4	9	9	22	0
stress_b32_run01	0x8	4	11	8	23	1
stress_b32_run01	0x9	5	12	8	25	1
stress_b32_run01	0xa	4	11	8	23	1
stress_b32_run01	0xb	5	9	9	23	0
stress_b32_run01	0xb	4	11	8	23	1
stress_b32_run01	0xc	5	13	8	26	1
stress_b32_run01	0xd	5	12	8	25	1
stress_b32_run01	0xe	99	15	10	124	1
stress_b32_run01	0xf	5	12	8	25	1
stress_b32_run01	0x10	4	11	8	23	1
stress_b32_run01	0x11	5	11	8	24	1
stress_b32_run01	0x12	5	10	8	23	1
stress_b32_run01	0x13	5	11	8	24	1
stress_b32_run01	0x14	4	11	8	23	1
stress_b32_run01	0x15	4	11	8	23	1
stress_b32_run01	0x16	4	11	8	23	1
stress_b32_run01	0x17	6	10	8	24	1
stress_b32_run01	0x18	5	13	8	26	1
stress_b32_run01	0x19	4	11	8	23	1
stress_b32_run01	0x1a	4	10	12	26	1
stress_b32_run01	0x1b	5	14	9	28	1
stress_b32_run01	0x1c	4	14	8	26	1
stress_b32_run01	0x1d	4	11	8	23	1
stress_b32_run01	0x1e	4	11	9	24	1
stress_b32_run01	0x1f	4	12	8	24	1
stress_b32_run01	0x20	4	10	8	22	1
stress_b32_run01	0x21	4	13	8	25	1
stress_b32_run01	0x22	5	11	8	24	1
stress_b32_run01	0x23	5	12	8	25	1
stress_b32_run01	0x1	124	37	26	187	0
stress_b32_run01	0x1	153	30	19	202	0
stress_b32_run01	0x2	14	16	21	51	0
stress_b32_run01	0x1	112	21	18	151	0
stress_b32_run01	0x2	151	35	22	208	0
stress_b32_run01	0x3	129	22	23	174	0
stress_b32_run01	0x1	144	22	18	184	0
stress_b32_run01	0x2	151	25	19	195	0
stress_b32_run01	0x3	12	16	20	48	0
stress_b32_run01	0x4	106	36	20	162	0
stress_b32_run01	0x5	134	9	17	160	0
stress_b32_run01	0x6	12	14	19	45	0
stress_b32_run01	0x1	90	40	21	151	1
stress_b32_run01	0x2	129	35	27	191	1
stress_b32_run01	0x3	95	25	18	138	1
stress_b32_run01	0x4	95	42	20	157	1
stress_b32_run01	0x5	93	24	18	135	1
stress_b32_run01	0x6	93	23	25	141	1
stress_b32_run01	0x7	90	24	20	134	1
stress_b32_run01	0x8	91	24	25	140	1
stress_b32_run01	0x9	94	37	26	157	1
stress_b32_run01	0xa	96	23	19	138	1
stress_b32_run01	0xd	12	17	21	50	1
stress_b32_run01	0x10	11	44	21	76	1
stress_b32_run01	0x13	11	16	21	48	0
stress_b32_run01	0x16	11	13	24	48	0
stress_b32_run01	0x19	12	27	17	56	0
stress_b32_run01	0x1c	12	15	21	48	0
stress_b32_run01	0x1f	12	13	24	49	0
stress_b32_run01	0x22	11	35	20	66	0
stress_b32_run01	0x25	13	17	19	49	0
stress_b32_run01	0x28	12	16	17	45	0
stress_b32_run01	0xb	11	33	19	63	1
stress_b32_run01	0xc	11	20	20	51	1
stress_b32_run01	0xe	13	21	19	53	1
stress_b32_run01	0xf	11	21	20	52	1
stress_b32_run01	0x11	12	20	20	52	1
stress_b32_run01	0x12	13	41	17	71	1
stress_b32_run01	0x14	19	55	21	95	1
stress_b32_run01	0x15	11	22	19	52	1
stress_b32_run01	0x17	12	25	20	57	1
stress_b32_run01	0x18	13	20	21	54	1
stress_b32_run01	0x1a	13	20	20	53	1
stress_b32_run01	0x1b	13	21	21	55	1
stress_b32_run01	0x1d	12	19	17	48	1
stress_b32_run01	0x1e	12	43	17	72	1
stress_b32_run01	0x20	12	25	19	56	1
stress_b32_run01	0x21	12	57	17	86	1
stress_b32_run01	0x23	12	22	19	53	1
stress_b32_run01	0x24	12	20	19	51	1
stress_b32_run01	0x26	11	20	21	52	1
stress_b32_run01	0x27	12	49	17	78	1
stress_b32_run01	0x13	12	23	22	57	1
stress_b32_run01	0x16	12	19	23	54	1
stress_b32_run01	0x19	12	20	19	51	1
stress_b32_run01	0x1c	12	19	35	66	1
stress_b32_run01	0x1f	13	23	21	57	1
stress_b32_run01	0x22	12	23	18	53	1
stress_b32_run01	0x25	12	26	21	59	1
stress_b32_run01	0x28	12	19	22	53	1
stress_b32_run01	0x29	11	24	20	55	1
stress_b32_run01	0x2a	12	18	20	50	1
stress_b32_run01	0x2b	11	19	22	52	1
stress_b32_run01	0x2c	12	19	19	50	1
stress_b32_run01	0x2d	12	17	20	49	1
stress_b32_run01	0x2e	12	18	22	52	1
stress_b32_run01	0x2f	13	18	20	51	1
stress_b32_run01	0x30	12	17	19	48	1
stress_b32_run01	0x31	11	17	20	48	1
stress_b32_run01	0x32	12	16	19	47	1
stress_b32_run01	0x33	12	19	19	50	1
stress_b32_run01	0x34	11	17	20	48	1
stress_b32_run01	0x35	12	17	19	48	1
stress_b32_run01	0x36	12	23	19	54	1
stress_b32_run01	0x37	12	17	19	48	1
stress_b32_run01	0x38	12	17	19	48	1
stress_b32_run01	0x39	11	16	19	46	1
stress_b32_run01	0x3a	11	20	20	51	1
stress_b32_run01	0x3b	11	16	20	47	1
stress_b32_run01	0x3c	12	18	19	49	1
stress_b32_run01	0x24	7	16	9	32	1
stress_b32_run01	0x25	5	12	8	25	1
stress_b32_run01	0x26	4	10	8	22	1
stress_b32_run01	0x27	5	11	7	23	1
stress_b32_run01	0x28	5	11	7	23	1
stress_b32_run01	0x29	5	12	7	24	1
stress_b32_run01	0x2a	5	17	8	30	1
stress_b32_run01	0x2b	5	11	8	24	1
stress_b32_run01	0x2c	5	11	8	24	1
stress_b32_run01	0x2d	5	11	8	24	1
stress_b32_run01	0x2e	5	19	9	33	1
stress_b32_run01	0x2f	4	10	8	22	1
stress_b32_run01	0x30	5	15	8	28	1
stress_b32_run01	0x31	4	12	8	24	1
stress_b32_run01	0x32	5	10	8	23	1
stress_b32_run01	0x33	5	11	14	30	1
stress_b32_run01	0x34	4	11	9	24	1
stress_b32_run01	0x35	5	10	8	23	1
stress_b32_run01	0x36	5	10	8	23	1
stress_b32_run01	0x37	4	13	8	25	1
stress_b32_run01	0x38	4	11	8	23	1
stress_b32_run01	0x39	5	10	8	23	1
stress_b32_run01	0x3a	5	11	8	24	1
stress_b32_run01	0x3b	5	11	8	24	1
stress_b32_run01	0x3c	5	10	8	23	1
stress_b32_run01	0x3d	5	14	8	27	1
stress_b32_run01	0x42	4	11	8	23	1
stress_b32_run01	0x43	4	9	8	21	1
stress_b32_run01	0x44	4	9	12	25	1
stress_b32_run01	0x45	4	9	8	21	1
stress_b32_run01	0x46	4	9	8	21	1
stress_b32_run01	0x47	5	9	7	21	1
stress_b32_run01	0x48	4	13	7	24	1
stress_b32_run01	0x49	4	9	8	21	1
stress_b32_run01	0x4a	4	9	7	20	1
stress_b32_run01	0x4b	4	9	7	20	1
stress_b32_run01	0x4c	3	10	9	22	1
stress_b32_run01	0x4d	4	9	8	21	1
stress_b32_run01	0x4e	4	8	8	20	1
stress_b32_run01	0x4f	4	10	8	22	1
stress_b32_run01	0x50	4	9	7	20	1
stress_b32_run01	0x51	4	9	7	20	1
stress_b32_run01	0x52	4	9	8	21	1
stress_b32_run01	0x53	4	8	8	20	1
stress_b32_run01	0x54	4	9	7	20	1
stress_b32_run01	0x55	4	8	8	20	1
stress_b32_run01	0x56	4	9	7	20	1
stress_b32_run01	0x57	4	9	8	21	1
stress_b32_run01	0x58	4	9	7	20	1
stress_b32_run01	0x59	4	10	9	23	1
stress_b32_run01	0x5a	4	10	7	21	1
stress_b32_run01	0x5b	4	8	8	20	1
stress_b32_run01	0x3e	4	8	8	20	1
stress_b32_run01	0x3f	5	15	8	28	1
stress_b32_run01	0x40	4	11	9	24	1
stress_b32_run01	0x41	5	10	8	23	1
stress_b32_run01	0x5c	5	10	8	23	1
stress_b32_run01	0x5d	4	9	8	21	1
stress_b32_run01	0x5e	4	8	8	20	1
stress_b32_run01	0x5f	4	9	7	20	1
stress_b32_run01	0x60	7	20	11	38	1
stress_b32_run01	0x61	5	12	9	26	0
stress_b32_run01	0x61	5	12	9	26	1
stress_b32_run01	0x62	5	13	9	27	1
stress_b32_run01	0x63	5	12	10	27	1
stress_b32_run01	0x64	6	11	10	27	1
stress_b32_run01	0x65	5	12	10	27	1
stress_b32_run01	0x66	6	10	10	26	1
stress_b32_run01	0x67	5	12	9	26	1
stress_b32_run01	0x68	5	12	10	27	1
stress_b32_run01	0x69	5	12	10	27	1
stress_b32_run01	0x6a	6	14	10	30	1
stress_b32_run01	0x6b	6	12	10	28	1
stress_b32_run01	0x6c	6	12	9	27	1
stress_b32_run01	0x6d	5	12	10	27	1
stress_b32_run01	0x6e	5	12	10	27	1
stress_b32_run01	0x6f	6	11	10	27	1
stress_b32_run01	0x70	5	13	9	27	1
stress_b32_run01	0x71	5	12	9	26	1
stress_b32_run01	0x72	5	12	9	26	1
stress_b32_run01	0x73	6	12	11	29	1
stress_b32_run01	0x74	6	15	9	30	1
stress_b32_run01	0x75	6	14	10	30	1
stress_b32_run01	0x76	6	12	13	31	1
stress_b32_run01	0x77	6	12	9	27	1
stress_b32_run01	0x78	5	12	9	26	1
stress_b32_run01	0x79	5	12	10	27	1
stress_b32_run01	0x7a	5	13	9	27	1
stress_b32_run01	0x7b	5	12	13	30	1
stress_b32_run01	0x7c	5	12	10	27	1
stress_b32_run01	0x7d	5	12	10	27	1
stress_b32_run01	0x7e	6	12	10	28	1
stress_b32_run01	0x7f	5	13	9	27	1
stress_b32_run01	0x80	137	13	20	170	0
stress_b32_run01	0x80	6	10	10	26	0
stress_b32_run01	0x81	5	9	10	24	0
stress_b32_run01	0x80	5	11	10	26	1
stress_b32_run01	0x81	101	15	10	126	1
stress_b32_run01	0x83	90	14	14	118	1
stress_b32_run01	0x86	100	11	10	121	0
stress_b32_run01	0x82	6	12	9	27	1
stress_b32_run01	0x84	6	13	10	29	1
stress_b32_run01	0x85	6	15	11	32	1
stress_b32_run01	0x86	94	15	10	119	1
stress_b32_run01	0x89	98	14	10	122	1
stress_b32_run01	0x8a	102	13	10	125	1
stress_b32_run01	0x8c	95	12	10	117	0
stress_b32_run01	0x87	6	15	10	31	1
stress_b32_run01	0x88	92	14	10	116	1
stress_b32_run01	0x3d	13	30	22	65	1
stress_b32_run01	0x8b	68	16	11	95	1
stress_b32_run01	0x8c	98	16	11	125	1
stress_b32_run01	0x92	101	11	10	122	0
stress_b32_run01	0x95	6	8	10	24	0
stress_b32_run01	0x3e	13	36	22	71	1
stress_b32_run01	0x99	4	15	11	30	0
stress_b32_run01	0x8d	6	12	11	29	1
stress_b32_run01	0x8e	6	13	12	31	1
stress_b32_run01	0x8f	6	15	17	38	1
stress_b32_run01	0x90	6	67	13	86	1
stress_b32_run01	0x91	7	13	10	30	1
stress_b32_run01	0x93	6	14	11	31	1
stress_b32_run01	0x94	6	14	10	30	1
stress_b32_run01	0x96	5	13	10	28	1
stress_b32_run01	0x97	5	12	10	27	1
stress_b32_run01	0x98	5	16	11	32	1
stress_b32_run01	0x92	5	13	10	28	1
stress_b32_run01	0x95	5	12	9	26	1
stress_b32_run01	0x99	4	11	9	24	1
stress_b32_run01	0x9d	5	26	15	46	1
stress_b32_run01	0x9e	5	12	12	29	1
stress_b32_run01	0x9f	5	11	10	26	1
stress_b32_run01	0xa0	4	27	19	50	1
stress_b32_run01	0xa1	5	11	10	26	1
stress_b32_run01	0xa2	6	10	10	26	1
stress_b32_run01	0xa3	5	39	19	63	1
stress_b32_run01	0xa4	5	10	10	25	1
stress_b32_run01	0xa5	5	11	10	26	1
stress_b32_run01	0xa6	5	24	18	47	1
stress_b32_run01	0x9a	5	15	10	30	1
stress_b32_run01	0x9b	5	46	12	63	1
stress_b32_run01	0x9c	6	20	22	48	1
stress_b32_run01	0x3f	96	37	21	154	1
stress_b32_run01	0x40	93	38	21	152	1
stress_b32_run01	0x41	98	35	21	154	1
stress_b32_run01	0x42	101	35	21	157	1
stress_b32_run01	0x43	13	22	21	56	1
stress_b32_run01	0x44	12	26	22	60	1
stress_b32_run01	0x45	12	21	25	58	1
stress_b32_run01	0x46	13	57	19	89	1
stress_b32_run01	0x47	12	24	20	56	1
stress_b32_run01	0xa7	7	16	11	34	1
stress_b32_run01	0xa8	86	17	10	113	1
stress_b32_run01	0xa9	109	18	12	139	1
stress_b32_run01	0x50	12	26	20	58	1
stress_b32_run01	0x53	11	37	19	67	1
stress_b32_run01	0x56	12	21	19	52	1
stress_b32_run01	0x58	11	29	20	60	1
stress_b32_run01	0x59	110	35	22	167	1
stress_b32_run01	0x5a	101	36	20	157	1
stress_b32_run01	0x5b	130	32	22	184	1
stress_b32_run01	0x5c	106	36	22	164	1
stress_b32_run01	0x5d	105	48	22	175	1
stress_b32_run01	0x48	94	37	21	152	1
stress_b32_run01	0x49	107	36	21	164	1
stress_b32_run01	0x4a	13	21	20	54	1
stress_b32_run01	0x4b	11	19	20	50	1
stress_b32_run01	0x4c	12	21	20	53	1
stress_b32_run01	0x4d	13	17	20	50	1
stress_b32_run01	0x4e	12	20	21	53	1
stress_b32_run01	0x4f	12	19	20	51	1
stress_b32_run01	0x51	12	20	22	54	1
stress_b32_run01	0x52	12	24	21	57	1
stress_b32_run01	0x54	12	23	20	55	1
stress_b32_run01	0x55	13	24	21	58	1
stress_b32_run01	0x57	13	19	20	52	1
stress_b32_run01	0xaa	8	15	10	33	1
stress_b32_run01	0xab	5	15	10	30	1
stress_b32_run01	0xac	7	13	10	30	1
stress_b32_run01	0xad	6	12	10	28	1
stress_b32_run01	0xae	5	14	9	28	1
stress_b32_run01	0xaf	6	11	13	30	1
stress_b32_run01	0xb0	6	11	10	27	1
stress_b32_run01	0x65	14	24	21	59	1
stress_b32_run01	0x68	11	19	20	50	1
stress_b32_run01	0x69	12	22	20	54	1
stress_b32_run01	0x6a	11	16	22	49	1
stress_b32_run01	0x6b	11	18	20	49	1
stress_b32_run01	0x6c	11	21	19	51	1
stress_b32_run01	0x6d	11	18	20	49	1
stress_b32_run01	0x6e	11	17	20	48	1
stress_b32_run01	0x6f	12	18	19	49	1
stress_b32_run01	0x70	11	18	19	48	1
stress_b32_run01	0x71	11	18	20	49	1
stress_b32_run01	0x72	11	18	22	51	1
stress_b32_run01	0x73	11	18	19	48	1
stress_b32_run01	0xb5	7	14	10	31	1
stress_b32_run01	0xb6	5	10	9	24	1
stress_b32_run01	0xb7	4	13	10	27	1
stress_b32_run01	0xb8	5	11	10	26	1
stress_b32_run01	0xb9	5	9	9	23	1
stress_b32_run01	0xba	5	8	10	23	1
stress_b32_run01	0xbb	5	12	9	26	1
stress_b32_run01	0xb1	5	9	10	24	1
stress_b32_run01	0xb2	6	11	13	30	1
stress_b32_run01	0xb3	6	11	9	26	1
stress_b32_run01	0xb4	5	11	10	26	1
stress_b32_run01	0x5e	12	23	19	54	1
stress_b32_run01	0x5f	12	20	19	51	1
stress_b32_run01	0x60	14	23	21	58	1
stress_b32_run01	0x61	12	19	20	51	1
stress_b32_run01	0x62	12	26	20	58	1
stress_b32_run01	0x63	13	19	21	53	1
stress_b32_run01	0x64	13	20	21	54	1
stress_b32_run01	0x66	12	19	20	51	1
stress_b32_run01	0x67	12	20	19	51	1
stress_b32_run01	0xbc	7	15	11	33	1
stress_b32_run01	0xbd	5	9	13	27	1
stress_b32_run01	0xbe	5	10	11	26	1
stress_b32_run01	0xbf	6	10	10	26	1
stress_b32_run01	0x74	12	26	23	61	1
stress_b32_run01	0x75	12	18	20	50	1
stress_b32_run01	0x76	11	14	20	45	1
stress_b32_run01	0x77	12	18	25	55	1
stress_b32_run01	0x78	11	23	20	54	1
stress_b32_run01	0x79	11	18	20	49	1
stress_b32_run01	0x7a	11	18	20	49	1
stress_b32_run01	0x7b	12	17	20	49	1
stress_b32_run01	0x7c	12	19	19	50	1
stress_b32_run01	0xc0	6	18	10	34	1
stress_b32_run01	0xc1	5	11	16	32	0
stress_b32_run01	0xc1	5	13	10	28	1
stress_b32_run01	0xc2	7	10	9	26	0
stress_b32_run01	0xc2	5	11	11	27	1
stress_b32_run01	0xc3	6	19	10	35	1
stress_b32_run01	0xc4	5	12	10	27	0
stress_b32_run01	0xc4	5	11	9	25	1
stress_b32_run01	0xc5	6	9	11	26	0
stress_b32_run01	0xc5	5	11	11	27	1
stress_b32_run01	0xc6	6	13	14	33	1
stress_b32_run01	0xc7	5	11	10	26	1
stress_b32_run01	0xc8	6	11	9	26	1
stress_b32_run01	0xc9	6	14	10	30	1
stress_b32_run01	0xca	6	16	11	33	1
stress_b32_run01	0xcb	6	14	13	33	1
stress_b32_run01	0xcc	5	12	10	27	1
stress_b32_run01	0xcd	5	12	10	27	1
stress_b32_run01	0xce	6	12	9	27	1
stress_b32_run01	0xcf	6	13	11	30	1
stress_b32_run01	0xd0	6	12	12	30	1
stress_b32_run01	0xd1	6	12	9	27	1
stress_b32_run01	0xd2	6	11	10	27	1
stress_b32_run01	0xd3	6	11	10	27	1
stress_b32_run01	0xd4	6	12	9	27	1
stress_b32_run01	0xd5	6	13	13	32	1
stress_b32_run01	0xd6	6	11	10	27	1
stress_b32_run01	0xd7	6	11	10	27	1
stress_b32_run01	0xd8	5	11	9	25	1
stress_b32_run01	0xd9	5	11	9	25	1
stress_b32_run01	0xda	6	11	9	26	1
stress_b32_run01	0xdb	6	12	9	27	1
stress_b32_run01	0xdc	5	11	10	26	1
stress_b32_run01	0xdd	6	11	10	27	1
stress_b32_run01	0xde	6	12	10	28	1
stress_b32_run01	0xdf	6	11	12	29	1
stress_b32_run01	0xe0	7	15	11	33	1
stress_b32_run01	0xe1	6	12	10	28	1
stress_b32_run01	0xe2	9	19	43	71	0
stress_b32_run01	0xe2	6	18	16	40	0
stress_b32_run01	0xe2	5	9	9	23	0
stress_b32_run01	0xe2	5	9	9	23	0
stress_b32_run01	0xe2	4	12	13	29	0
stress_b32_run01	0xe2	5	8	9	22	0
stress_b32_run01	0xe2	5	10	8	23	0
stress_b32_run01	0xe2	5	9	9	23	0
stress_b32_run01	0xe2	5	8	11	24	0
stress_b32_run01	0xe2	5	10	8	23	0
stress_b32_run01	0xe2	5	9	9	23	0
stress_b32_run01	0xe2	5	9	9	23	0
stress_b32_run01	0xe2	4	9	9	22	0
stress_b32_run01	0xe2	5	8	9	22	0
stress_b32_run01	0xe2	5	8	9	22	0
stress_b32_run01	0xe2	4	9	9	22	0
stress_b32_run01	0xe2	4	10	9	23	0
stress_b32_run01	0xe2	5	8	9	22	0
stress_b32_run01	0xe2	4	9	9	22	0
stress_b32_run01	0xe2	4	9	9	22	0
stress_b32_run01	0xe2	5	9	9	23	0
stress_b32_run01	0xe2	5	8	9	22	0
stress_b32_run01	0xe2	5	8	9	22	0
stress_b32_run01	0xe2	5	8	9	22	0
stress_b32_run01	0xe2	5	8	9	22	0
stress_b32_run01	0xe2	5	7	9	21	0
stress_b32_run01	0xe2	4	10	8	22	0
stress_b32_run01	0xe2	6	10	9	25	0
stress_b32_run01	0xe2	6	8	9	23	0
stress_b32_run01	0xe2	5	14	9	28	1
stress_b32_run01	0xe3	6	11	9	26	0
stress_b32_run01	0xe3	5	8	10	23	0
stress_b32_run01	0xe3	5	12	10	27	1
stress_b32_run01	0xe4	7	17	11	35	1
stress_b32_run01	0xe5	6	12	10	28	1
stress_b32_run01	0xe6	5	13	9	27	1
stress_b32_run01	0xe7	5	11	9	25	0
stress_b32_run01	0xe7	5	10	10	25	1
stress_b32_run01	0xe8	6	9	10	25	0
stress_b32_run01	0xe8	4	10	12	26	1
stress_b32_run01	0xe9	5	15	10	30	1
stress_b32_run01	0xea	5	14	9	28	1
stress_b32_run01	0xeb	5	12	9	26	1
stress_b32_run01	0xec	5	12	10	27	1
stress_b32_run01	0xed	5	12	9	26	1
stress_b32_run01	0xee	5	13	10	28	1
stress_b32_run01	0xef	7	11	10	28	1
stress_b32_run01	0xf0	6	10	10	26	1
stress_b32_run01	0xf1	6	11	9	26	1
stress_b32_run01	0xf2	5	11	10	26	1
stress_b32_run01	0xf3	5	12	10	27	1
stress_b32_run01	0xf4	5	12	10	27	1
stress_b32_run01	0xf5	5	11	10	26	1
stress_b32_run01	0xf6	5	12	9	26	1
stress_b32_run01	0xf7	5	11	10	26	1
stress_b32_run01	0xf8	5	12	9	26	1
stress_b32_run01	0xf9	5	12	10	27	1
stress_b32_run01	0xfa	5	11	10	26	1
stress_b32_run01	0xfb	6	11	9	26	1
stress_b32_run01	0xfc	5	12	10	27	1
stress_b32_run01	0xfd	5	11	13	29	1
stress_b32_run01	0xfe	5	10	12	27	1
stress_b32_run01	0xff	7	14	10	31	1
stress_b32_run01	0x100	6	13	10	29	1
stress_b32_run01	0x101	6	11	9	26	1
stress_b32_run01	0x102	5	11	9	25	1
stress_b32_run01	0x103	10	36	12	58	1
stress_b32_run01	0x104	6	12	12	30	0
stress_b32_run01	0x104	5	9	11	25	0
stress_b32_run01	0x104	4	9	11	24	0
stress_b32_run01	0x104	5	8	9	22	0
stress_b32_run01	0x104	5	9	9	23	0
stress_b32_run01	0x104	5	13	11	29	1
stress_b32_run01	0x105	15	51	21	87	1
stress_b32_run01	0x7d	20	39	22	81	1
stress_b32_run01	0x80	120	33	21	174	0
stress_b32_run01	0x7e	130	33	19	182	1
stress_b32_run01	0x7f	103	35	28	166	1
stress_b32_run01	0x80	125	35	22	182	1
stress_b32_run01	0x84	13	19	20	52	1
stress_b32_run01	0x87	12	17	20	49	0
stress_b32_run01	0x81	12	19	22	53	1
stress_b32_run01	0x82	12	20	28	60	1
stress_b32_run01	0x83	13	21	20	54	1
stress_b32_run01	0x85	13	20	19	52	1
stress_b32_run01	0x86	14	30	26	70	1
stress_b32_run01	0x87	12	22	22	56	1
stress_b32_run01	0x89	12	19	20	51	1
stress_b32_run01	0x8a	12	18	22	52	1
stress_b32_run01	0x8b	11	32	24	67	1
stress_b32_run01	0x8c	12	18	20	50	1
stress_b32_run01	0x8d	11	22	20	53	1
stress_b32_run01	0x88	11	19	20	50	1
stress_b32_run01	0x106	12	23	19	54	1
stress_b32_run01	0x107	12	20	21	53	1
stress_b32_run01	0x108	13	20	22	55	1
stress_b32_run01	0x109	13	26	20	59	1
stress_b32_run01	0x8e	49	34	19	102	1
stress_b32_run01	0x10e	12	20	20	52	1
stress_b32_run01	0x10f	12	34	22	68	1
stress_b32_run01	0x110	12	22	19	53	1
stress_b32_run01	0x111	11	45	18	74	1
stress_b32_run01	0x10a	12	19	21	52	1
stress_b32_run01	0x10b	140	35	21	196	1
stress_b32_run01	0x10c	97	35	21	153	1
stress_b32_run01	0x10d	130	40	21	191	1
stress_b32_run01	0x8f	14	22	20	56	1
stress_b32_run01	0x90	11	22	20	53	1
stress_b32_run01	0x91	12	23	21	56	1
stress_b32_run01	0x92	12	41	25	78	1
stress_b32_run01	0x112	15	36	20	71	1
stress_b32_run01	0x115	138	42	21	201	1
stress_b32_run01	0x118	103	33	21	157	1
stress_b32_run01	0x11b	108	33	21	162	1
stress_b32_run01	0x97	13	19	24	56	1
stress_b32_run01	0x98	11	35	23	69	1
stress_b32_run01	0x99	12	19	20	51	1
stress_b32_run01	0x9a	11	51	17	79	1
stress_b32_run01	0x93	11	19	23	53	1
stress_b32_run01	0x94	12	18	21	51	1
stress_b32_run01	0x95	13	19	20	52	1
stress_b32_run01	0x96	12	20	22	54	1
stress_b32_run01	0x113	83	32	21	136	1
stress_b32_run01	0x114	13	23	20	56	1
stress_b32_run01	0x116	13	19	21	53	1
stress_b32_run01	0x117	12	25	21	58	1
stress_b32_run01	0x119	12	19	20	51	1
stress_b32_run01	0x11a	12	19	20	51	1
stress_b32_run01	0x11c	13	19	20	52	1
stress_b32_run01	0x11d	12	20	19	51	1
stress_b32_run01	0x11e	12	19	21	52	1
stress_b32_run01	0x11f	12	20	21	53	1
stress_b32_run01	0x9b	12	20	20	52	1
stress_b32_run01	0x9c	12	23	19	54	1
stress_b32_run01	0x9d	11	16	21	48	1
stress_b32_run01	0x9e	11	19	20	50	1
stress_b32_run01	0x12c	12	19	19	50	1
stress_b32_run01	0x12d	11	14	21	46	1
stress_b32_run01	0x12e	12	21	20	53	1
stress_b32_run01	0x12f	11	21	19	51	1
stress_b32_run01	0x130	12	18	18	48	1
stress_b32_run01	0x131	13	19	19	51	1
stress_b32_run01	0x132	13	20	19	52	1
stress_b32_run01	0x133	11	20	19	50	1
stress_b32_run01	0x134	11	19	20	50	1
stress_b32_run01	0x135	11	19	19	49	1
stress_b32_run01	0x120	13	19	21	53	1
stress_b32_run01	0x121	12	19	22	53	1
stress_b32_run01	0x122	13	21	20	54	1
stress_b32_run01	0x123	12	18	21	51	1
stress_b32_run01	0x124	12	19	20	51	1
stress_b32_run01	0x125	12	22	20	54	1
stress_b32_run01	0x126	12	18	23	53	1
stress_b32_run01	0x127	14	18	20	52	1
stress_b32_run01	0x128	12	19	20	51	1
stress_b32_run01	0x129	12	19	20	51	1
stress_b32_run01	0x12a	12	20	21	53	1
stress_b32_run01	0x12b	13	19	20	52	1
stress_b32_run01	0x136	12	21	21	54	1
stress_b32_run01	0x137	12	20	20	52	1
stress_b32_run01	0x138	13	24	20	57	1
stress_b32_run01	0x139	11	20	19	50	1
stress_b32_run01	0x13a	12	19	20	51	1
stress_b32_run01	0x13b	12	21	19	52	1
stress_b32_run01	0x13c	11	21	19	51	1
stress_b32_run01	0x13d	11	19	19	49	1
stress_b32_run01	0x13e	11	19	20	50	1
stress_b32_run01	0x13f	12	19	19	50	1
stress_b32_run01	0x140	11	20	20	51	1
stress_b32_run01	0x141	12	18	22	52	1
stress_b32_run01	0x142	13	25	24	62	0
stress_b32_run01	0x142	12	18	21	51	0
stress_b32_run01	0x142	11	23	18	52	0
stress_b32_run01	0x142	11	20	21	52	1
stress_b32_run01	0x9f	97	28	18	143	1
stress_b32_run01	0x143	13	19	20	52	1
stress_b32_run01	0xa3	17	30	22	69	0
stress_b32_run01	0xa0	127	34	20	181	1
stress_b32_run01	0xa1	101	35	25	161	1
stress_b32_run01	0xa2	104	36	21	161	1
stress_b32_run01	0xa3	102	32	21	155	1
stress_b32_run01	0xa7	104	34	23	161	1
stress_b32_run01	0xaa	110	36	20	166	1
stress_b32_run01	0xad	112	35	21	168	0
stress_b32_run01	0xa4	12	19	20	51	1
stress_b32_run01	0xa5	12	19	23	54	1
stress_b32_run01	0xa6	12	24	20	56	1
stress_b32_run01	0xa8	12	19	21	52	1
stress_b32_run01	0xa9	11	19	20	50	1
stress_b32_run01	0xab	11	19	20	50	1
stress_b32_run01	0xac	12	20	20	52	1
stress_b32_run01	0xad	11	19	27	57	1
stress_b32_run01	0xb2	13	24	21	58	1
stress_b32_run01	0xb3	13	26	21	60	1
stress_b32_run01	0xb4	12	20	20	52	1
stress_b32_run01	0xb5	11	18	20	49	1
stress_b32_run01	0xb6	11	19	18	48	1
stress_b32_run01	0xb7	12	18	19	49	1
stress_b32_run01	0xb8	12	19	20	51	1
stress_b32_run01	0xae	11	23	20	54	1
stress_b32_run01	0xaf	11	20	20	51	1
stress_b32_run01	0xb0	12	19	20	51	1
stress_b32_run01	0xb1	12	19	20	51	1
stress_b32_run01	0xb9	12	19	19	50	1
stress_b32_run01	0xba	11	23	18	52	1
stress_b32_run01	0xbb	11	19	23	53	1
stress_b32_run01	0xbc	12	18	19	49	1
stress_b8_run01	0x1	12	23	10	45	0
stress_b8_run01	0x1	10	18	9	37	0
stress_b8_run01	0x1	10	16	10	36	0
stress_b8_run01	0x1	10	16	10	36	0
stress_b8_run01	0x1	10	16	10	36	0
stress_b8_run01	0x1	9	13	10	32	0
stress_b8_run01	0x1	10	15	10	35	0
stress_b8_run01	0x1	10	15	10	35	0
stress_b8_run01	0x1	10	17	9	36	0
stress_b8_run01	0x1	10	26	10	46	0
stress_b8_run01	0x1	10	16	9	35	0
stress_b8_run01	0x1	10	13	10	33	0
stress_b8_run01	0x1	9	17	9	35	0
stress_b8_run01	0x1	10	17	10	37	0
stress_b8_run01	0x1	10	18	9	37	0
stress_b8_run01	0x1	10	12	10	32	0
stress_b8_run01	0x1	9	23	9	41	0
stress_b8_run01	0x1	9	16	10	35	0
stress_b8_run01	0x1	9	18	10	37	0
stress_b8_run01	0x1	10	14	10	34	0
stress_b8_run01	0x1	9	13	10	32	0
stress_b8_run01	0x1	10	12	9	31	0
stress_b8_run01	0x1	10	14	9	33	0
stress_b8_run01	0x1	9	19	10	38	0
stress_b8_run01	0x1	10	15	10	35	0
stress_b8_run01	0x1	10	16	9	35	0
stress_b8_run01	0x1	10	19	10	39	1
stress_b8_run01	0x2	12	16	10	38	0
stress_b8_run01	0x2	9	20	10	39	1
stress_b8_run01	0x3	14	26	11	51	0
stress_b8_run01	0x3	9	16	9	34	0
stress_b8_run01	0x3	10	15	10	35	0
stress_b8_run01	0x3	10	16	9	35	0
stress_b8_run01	0x3	10	16	10	36	0
stress_b8_run01	0x3	10	14	10	34	0
stress_b8_run01	0x3	10	15	10	35	0
stress_b8_run01	0x3	10	20	9	39	0
stress_b8_run01	0x3	10	12	10	32	0
stress_b8_run01	0x3	10	11	9	30	0
stress_b8_run01	0x3	9	11	10	30	0
stress_b8_run01	0x3	10	12	11	33	0
stress_b8_run01	0x3	10	12	10	32	0
stress_b8_run01	0x3	9	11	10	30	0
stress_b8_run01	0x3	9	16	10	35	0
stress_b8_run01	0x3	10	11	10	31	0
stress_b8_run01	0x3	10	11	9	30	0
stress_b8_run01	0x3	10	11	9	30	0
stress_b8_run01	0x3	10	12	9	31	0
stress_b8_run01	0x3	10	12	9	31	0
stress_b8_run01	0x3	9	19	9	37	1
stress_b8_run01	0x4	11	15	10	36	1
stress_b8_run01	0x5	10	19	10	39	1
stress_b8_run01	0x6	11	15	9	35	1
stress_b8_run01	0x7	10	18	10	38	1
stress_b8_run01	0x8	10	22	10	42	1
stress_b8_run01	0x9	10	21	10	41	1
stress_b8_run01	0xa	10	17	10	37	1
stress_b8_run01	0xb	10	17	10	37	1
stress_b8_run01	0x1	74	33	14	121	0
stress_b8_run01	0x1	128	28	12	168	0
stress_b8_run01	0x2	128	28	12	168	0
stress_b8_run01	0x1	133	35	11	179	0
stress_b8_run01	0x2	129	15	12	156	0
stress_b8_run01	0x3	13	18	10	41	0
stress_b8_run01	0x4	11	21	10	42	0
stress_b8_run01	0x1	12	17	11	40	0
stress_b8_run01	0x2	12	38	11	61	0
stress_b8_run01	0x3	12	35	11	58	0
stress_b8_run01	0x4	12	19	10	41	0
stress_b8_run01	0x5	12	17	10	39	0
stress_b8_run01	0x6	12	38	12	62	0
stress_b8_run01	0x1	13	18	11	42	0
stress_b8_run01	0x2	12	16	12	40	0
stress_b8_run01	0x3	12	34	12	58	0
stress_b8_run01	0x4	12	17	10	39	0
stress_b8_run01	0x5	12	50	12	74	0
stress_b8_run01	0x6	12	21	12	45	0
stress_b8_run01	0xc	102	30	11	143	1
stress_b8_run01	0xd	10	16	10	36	1
stress_b8_run01	0x1	13	26	12	51	1
stress_b8_run01	0x2	13	24	11	48	1
stress_b8_run01	0x3	12	29	13	54	1
stress_b8_run01	0x4	12	22	11	45	1
stress_b8_run01	0x5	12	23	11	46	1
stress_b8_run01	0x6	13	22	11	46	1
stress_b8_run01	0x12	11	22	18	51	1
stress_b8_run01	0x13	11	15	12	38	1
stress_b8_run01	0xe	9	15	9	33	1
stress_b8_run01	0xf	10	17	10	37	1
stress_b8_run01	0x10	10	14	11	35	1
stress_b8_run01	0x11	10	15	10	35	1
stress_b8_run01	0x7	14	26	12	52	1
stress_b8_run01	0x8	12	16	11	39	1
stress_b8_run01	0x9	12	17	12	41	1
stress_b8_run01	0xa	12	25	11	48	1
stress_b8_run01	0xb	11	17	11	39	1
stress_b8_run01	0xc	11	22	11	44	1
stress_b8_run01	0x14	11	21	10	42	1
stress_b8_run01	0x15	11	17	10	38	1
stress_b8_run01	0x16	9	14	11	34	1
stress_b8_run01	0x17	10	13	10	33	1
stress_b8_run01	0x18	12	31	11	54	1
stress_b8_run01	0x19	10	28	10	48	1
stress_b8_run01	0x1a	10	18	10	38	1
stress_b8_run01	0x1b	10	16	10	36	0
stress_b8_run01	0x1b	10	17	10	37	1
stress_b8_run01	0x1c	11	14	11	36	1
stress_b8_run01	0x1d	11	16	10	37	1
stress_b8_run01	0x1e	10	21	10	41	1
stress_b8_run01	0x1f	11	14	12	37	1
stress_b8_run01	0xd	34	39	15	88	1
stress_b8_run01	0x10	102	27	12	141	0
stress_b8_run01	0xe	128	29	12	169	1
stress_b8_run01	0xf	132	34	11	177	1
stress_b8_run01	0x10	12	33	12	57	1
stress_b8_run01	0x14	13	16	11	40	0
stress_b8_run01	0x17	11	20	12	43	0
stress_b8_run01	0x11	12	22	11	45	1
stress_b8_run01	0x12	12	21	11	44	1
stress_b8_run01	0x13	12	24	11	47	1
stress_b8_run01	0x15	13	27	11	51	1
stress_b8_run01	0x16	13	55	11	79	1
stress_b8_run01	0x14	12	28	11	51	1
stress_b8_run01	0x17	12	20	12	44	1
stress_b8_run01	0x18	11	33	11	55	1
stress_b8_run01	0x19	12	26	12	50	1
stress_b8_run01	0x1a	12	20	11	43	1
stress_b8_run01	0x1b	11	37	11	59	1
stress_b8_run01	0x1c	13	19	11	43	1
stress_b8_run01	0x20	11	26	11	48	1
stress_b8_run01	0x21	10	16	10	36	1
stress_b8_run01	0x22	10	15	10	35	1
stress_b8_run01	0x23	10	15	10	35	1
stress_b8_run01	0x24	10	14	10	34	1
stress_b8_run01	0x28	11	15	10	36	1
stress_b8_run01	0x29	10	15	10	35	1
stress_b8_run01	0x2a	10	18	10	38	1
stress_b8_run01	0x2b	10	17	10	37	1
stress_b8_run01	0x2c	10	15	10	35	1
stress_b8_run01	0x25	10	14	11	35	1
stress_b8_run01	0x26	10	16	9	35	1
stress_b8_run01	0x27	10	14	10	34	1
stress_b8_run01	0x2d	10	14	9	33	1
stress_b8_run01	0x2e	10	12	10	32	1
stress_b8_run01	0x2f	10	14	10	34	1
stress_b8_run01	0x30	12	32	11	55	1
stress_b8_run01	0x31	11	19	10	40	1
stress_b8_run01	0x32	10	17	10	37	1
stress_b8_run01	0x33	11	16	15	42	0
stress_b8_run01	0x33	10	19	12	41	1
stress_b8_run01	0x34	10	20	10	40	1
stress_b8_run01	0x35	11	15	10	36	1
stress_b8_run01	0x36	10	15	9	34	1
stress_b8_run01	0x37	11	13	10	34	1
stress_b8_run01	0x38	11	16	11	38	0
stress_b8_run01	0x38	10	12	10	32	0
stress_b8_run01	0x38	10	16	11	37	0
stress_b8_run01	0x38	10	12	9	31	0
stress_b8_run01	0x38	10	24	10	44	1
stress_b8_run01	0x39	10	17	9	36	1
stress_b8_run01	0x3a	7	24	5	36	1
stress_b8_run01	0x3b	5	13	4	22	1
stress_b8_run01	0x3c	4	12	3	19	1
stress_b8_run01	0x3d	4	9	4	17	0
stress_b8_run01	0x3d	3	11	4	18	1
stress_b8_run01	0x3e	4	14	3	21	1
stress_b8_run01	0x3f	4	11	3	18	0
stress_b8_run01	0x3f	4	10	4	18	1
stress_b8_run01	0x40	5	10	3	18	1
stress_b8_run01	0x41	5	13	4	22	1
stress_b8_run01	0x42	4	9	4	17	0
stress_b8_run01	0x42	4	8	4	16	0
stress_b8_run01	0x42	4	8	3	15	0
stress_b8_run01	0x42	4	8	4	16	0
stress_b8_run01	0x42	4	13	4	21	0
stress_b8_run01	0x42	4	7	4	15	0
stress_b8_run01	0x42	3	8	4	15	0
stress_b8_run01	0x42	3	8	3	14	0
stress_b8_run01	0x42	3	9	3	15	0
stress_b8_run01	0x42	4	7	4	15	0
stress_b8_run01	0x42	4	7	4	15	0
stress_b8_run01	0x42	4	9	3	16	0
stress_b8_run01	0x42	3	11	4	18	1
stress_tp4_b8_run01	0x1	8	26	34	68	0
stress_tp4_b8_run01	0x1	4	11	12	27	0
stress_tp4_b8_run01	0x1	4	8	8	20	0
stress_tp4_b8_run01	0x1	4	18	11	33	0
stress_tp4_b8_run01	0x1	4	13	9	26	0
stress_tp4_b8_run01	0x1	4	17	9	30	0
stress_tp4_b8_run01	0x1	4	10	8	22	0
stress_tp4_b8_run01	0x1	4	11	10	25	0
stress_tp4_b8_run01	0x1	4	9	8	21	0
stress_tp4_b8_run01	0x1	4	11	10	25	0
stress_tp4_b8_run01	0x1	4	10	10	24	0
stress_tp4_b8_run01	0x1	4	10	11	25	0
stress_tp4_b8_run01	0x1	4	10	9	23	0
stress_tp4_b8_run01	0x1	4	19	8	31	0
stress_tp4_b8_run01	0x1	4	10	7	21	0
stress_tp4_b8_run01	0x1	4	10	9	23	0
stress_tp4_b8_run01	0x1	4	16	10	30	0
stress_tp4_b8_run01	0x1	4	11	13	28	0
stress_tp4_b8_run01	0x1	4	16	8	28	0
stress_tp4_b8_run01	0x1	4	14	12	30	0
stress_tp4_b8_run01	0x1	4	11	15	30	0
stress_tp4_b8_run01	0x1	4	11	12	27	0
stress_tp4_b8_run01	0x1	4	15	10	29	0
stress_tp4_b8_run01	0x1	4	13	15	32	0
stress_tp4_b8_run01	0x1	5	16	11	32	0
stress_tp4_b8_run01	0x1	4	17	9	30	0
stress_tp4_b8_run01	0x1	4	20	12	36	0
stress_tp4_b8_run01	0x1	4	14	12	30	0
stress_tp4_b8_run01	0x1	4	16	10	30	0
stress_tp4_b8_run01	0x1	4	13	9	26	0
stress_tp4_b8_run01	0x1	4	8	10	22	0
stress_tp4_b8_run01	0x1	4	11	8	23	0
stress_tp4_b8_run01	0x1	4	14	10	28	0
stress_tp4_b8_run01	0x1	4	11	15	30	0
stress_tp4_b8_run01	0x1	4	8	9	21	0
stress_tp4_b8_run01	0x1	3	18	13	34	0
stress_tp4_b8_run01	0x1	4	10	11	25	0
stress_tp4_b8_run01	0x1	4	9	14	27	0
stress_tp4_b8_run01	0x1	4	33	12	49	1
stress_tp4_b8_run01	0x2	5	22	10	37	1
stress_tp4_b8_run01	0x3	9	19	11	39	0
stress_tp4_b8_run01	0x3	5	14	10	29	0
stress_tp4_b8_run01	0x3	5	8	9	22	0
stress_tp4_b8_run01	0x3	4	7	8	19	0
stress_tp4_b8_run01	0x3	4	8	8	20	0
stress_tp4_b8_run01	0x3	5	7	8	20	0
stress_tp4_b8_run01	0x3	4	12	7	23	0
stress_tp4_b8_run01	0x3	4	13	10	27	0
stress_tp4_b8_run01	0x3	4	11	8	23	0
stress_tp4_b8_run01	0x3	3	8	14	25	0
stress_tp4_b8_run01	0x3	4	12	9	25	0
stress_tp4_b8_run01	0x3	4	9	9	22	0
stress_tp4_b8_run01	0x3	4	10	9	23	0
stress_tp4_b8_run01	0x3	4	11	18	33	0
stress_tp4_b8_run01	0x3	5	9	10	24	0
stress_tp4_b8_run01	0x3	4	10	8	22	0
stress_tp4_b8_run01	0x3	5	11	9	25	0
stress_tp4_b8_run01	0x3	4	7	8	19	0
stress_tp4_b8_run01	0x3	3	11	8	22	0
stress_tp4_b8_run01	0x3	5	10	10	25	0
stress_tp4_b8_run01	0x3	5	10	10	25	0
stress_tp4_b8_run01	0x3	4	11	11	26	0
stress_tp4_b8_run01	0x3	4	9	9	22	0
stress_tp4_b8_run01	0x3	4	7	8	19	0
stress_tp4_b8_run01	0x3	4	8	10	22	0
stress_tp4_b8_run01	0x3	5	9	10	24	0
stress_tp4_b8_run01	0x3	4	21	8	33	1
stress_tp4_b8_run01	0x4	5	9	8	22	0
stress_tp4_b8_run01	0x4	4	18	7	29	1
stress_tp4_b8_run01	0x5	5	11	9	25	0
stress_tp4_b8_run01	0x5	5	15	16	36	1
stress_tp4_b8_run01	0x6	4	12	9	25	0
stress_tp4_b8_run01	0x6	4	16	10	30	1
stress_tp4_b8_run01	0x7	5	16	10	31	1
stress_tp4_b8_run01	0x8	5	14	10	29	1
stress_tp4_b8_run01	0x9	5	12	13	30	0
stress_tp4_b8_run01	0x9	4	11	10	25	0
stress_tp4_b8_run01	0x9	4	13	8	25	1
stress_tp4_b8_run01	0xa	4	12	11	27	0
stress_tp4_b8_run01	0xa	4	17	11	32	1
stress_tp4_b8_run01	0xb	5	17	15	37	1
stress_tp4_b8_run01	0x1	218	20	12	250	0
stress_tp4_b8_run01	0x1	154	25	11	190	0
stress_tp4_b8_run01	0x2	151	27	13	191	0
stress_tp4_b8_run01	0x1	124	11	11	146	0
stress_tp4_b8_run01	0x2	5	16	11	32	0
stress_tp4_b8_run01	0x3	113	21	11	145	0
stress_tp4_b8_run01	0x4	4	9	15	28	0
stress_tp4_b8_run01	0x1	4	9	12	25	0
stress_tp4_b8_run01	0x2	4	14	12	30	0
stress_tp4_b8_run01	0x3	4	10	7	21	0
stress_tp4_b8_run01	0x4	4	11	9	24	0
stress_tp4_b8_run01	0x5	4	9	10	23	0
stress_tp4_b8_run01	0x6	4	16	11	31	0
stress_tp4_b8_run01	0x1	4	8	10	22	0
stress_tp4_b8_run01	0x2	4	16	11	31	0
stress_tp4_b8_run01	0x3	4	12	8	24	0
stress_tp4_b8_run01	0x4	4	12	11	27	0
stress_tp4_b8_run01	0x5	4	10	9	23	0
stress_tp4_b8_run01	0x6	4	13	15	32	0
stress_tp4_b8_run01	0x1	4	15	11	30	1
stress_tp4_b8_run01	0x2	5	8	8	21	0
stress_tp4_b8_run01	0x3	4	9	10	23	0
stress_tp4_b8_run01	0x4	4	8	9	21	0
stress_tp4_b8_run01	0x5	4	11	9	24	0
stress_tp4_b8_run01	0x6	4	9	9	22	0
stress_tp4_b8_run01	0x7	4	11	13	28	0
stress_tp4_b8_run01	0x2	4	8	9	21	0
stress_tp4_b8_run01	0x3	4	7	7	18	0
stress_tp4_b8_run01	0x4	5	8	8	21	0
stress_tp4_b8_run01	0x5	4	12	15	31	0
stress_tp4_b8_run01	0x6	4	11	9	24	0
stress_tp4_b8_run01	0x7	4	10	9	23	0
stress_tp4_b8_run01	0x2	4	14	9	27	1
stress_tp4_b8_run01	0x3	4	15	10	29	0
stress_tp4_b8_run01	0x4	4	7	8	19	0
stress_tp4_b8_run01	0x5	4	7	7	18	0
stress_tp4_b8_run01	0x6	4	9	12	25	0
stress_tp4_b8_run01	0x7	5	7	8	20	0
stress_tp4_b8_run01	0x8	4	7	7	18	0
stress_tp4_b8_run01	0x3	4	11	7	22	1
stress_tp4_b8_run01	0x4	5	13	8	26	0
stress_tp4_b8_run01	0x5	4	11	11	26	0
stress_tp4_b8_run01	0x6	4	11	10	25	0
stress_tp4_b8_run01	0x7	4	10	8	22	0
stress_tp4_b8_run01	0x8	5	14	10	29	0
stress_tp4_b8_run01	0x9	4	17	10	31	0
stress_tp4_b8_run01	0x4	4	11	8	23	1
stress_tp4_b8_run01	0x5	4	8	9	21	0
stress_tp4_b8_run01	0x6	4	11	10	25	0
stress_tp4_b8_run01	0x7	4	13	10	27	0
stress_tp4_b8_run01	0x8	4	13	7	24	0
stress_tp4_b8_run01	0x9	4	11	9	24	0
stress_tp4_b8_run01	0xa	4	9	10	23	0
stress_tp4_b8_run01	0x5	5	12	8	25	1
stress_tp4_b8_run01	0x6	4	13	9	26	0
stress_tp4_b8_run01	0xc	98	22	10	130	1
stress_tp4_b8_run01	0xd	5	12	8	25	1
stress_tp4_b8_run01	0x7	1320	25	13	1358	1
stress_tp4_b8_run01	0x8	147	30	9	186	1
stress_tp4_b8_run01	0x9	94	14	10	118	1
stress_tp4_b8_run01	0xa	132	13	10	155	1
stress_tp4_b8_run01	0xb	116	16	17	149	1
stress_tp4_b8_run01	0x6	103	23	9	135	1
stress_tp4_b8_run01	0x12	10	14	20	44	1
stress_tp4_b8_run01	0x13	128	19	10	157	1
stress_tp4_b8_run01	0xe	130	22	16	168	1
stress_tp4_b8_run01	0xf	121	21	10	152	1
stress_tp4_b8_run01	0x10	5	14	9	28	1
stress_tp4_b8_run01	0x11	6	11	8	25	1
stress_tp4_b8_run01	0x12	7	13	9	29	1
stress_tp4_b8_run01	0x18	5	13	14	32	1
stress_tp4_b8_run01	0x1b	5	16	10	31	1
stress_tp4_b8_run01	0x1c	4	10	9	23	1
stress_tp4_b8_run01	0x1d	4	8	8	20	1
stress_tp4_b8_run01	0xc	4	17	11	32	1
stress_tp4_b8_run01	0xd	5	11	8	24	1
stress_tp4_b8_run01	0xe	5	11	8	24	1
stress_tp4_b8_run01	0xf	5	16	10	31	1
stress_tp4_b8_run01	0x10	4	14	11	29	1
stress_tp4_b8_run01	0x11	4	19	9	32	1
stress_tp4_b8_run01	0x14	5	12	9	26	1
stress_tp4_b8_run01	0x15	5	12	11	28	1
stress_tp4_b8_run01	0x16	5	15	8	28	1
stress_tp4_b8_run01	0x17	4	14	9	27	1
stress_tp4_b8_run01	0x19	4	14	7	25	1
stress_tp4_b8_run01	0x1a	5	14	10	29	1
stress_tp4_b8_run01	0x13	5	16	9	30	1
stress_tp4_b8_run01	0x14	5	15	9	29	1
stress_tp4_b8_run01	0x15	4	14	8	26	1
stress_tp4_b8_run01	0x16	5	12	9	26	1
stress_tp4_b8_run01	0x17	4	12	11	27	1
stress_tp4_b8_run01	0x18	4	19	11	34	1
stress_tp4_b8_run01	0x1e	6	16	9	31	1
stress_tp4_b8_run01	0x1f	5	11	9	25	1
stress_tp4_b8_run01	0x20	5	10	10	25	1
stress_tp4_b8_run01	0x21	4	8	9	21	1
stress_tp4_b8_run01	0x22	4	14	9	27	1
stress_tp4_b8_run01	0x23	4	11	7	22	1
stress_tp4_b8_run01	0x24	7	25	11	43	1
stress_tp4_b8_run01	0x25	7	14	12	33	1
stress_tp4_b8_run01	0x26	6	15	10	31	0
stress_tp4_b8_run01	0x26	4	16	11	31	1
stress_tp4_b8_run01	0x27	5	12	10	27	1
stress_tp4_b8_run01	0x28	6	13	11	30	1
stress_tp4_b8_run01	0x29	6	13	13	32	1
stress_tp4_b8_run01	0x2a	6	18	13	37	1
stress_tp4_b8_run01	0x2b	6	15	12	33	1
stress_tp4_b8_run01	0x19	7	17	13	37	0
stress_tp4_b8_run01	0x19	6	20	16	42	0
stress_tp4_b8_run01	0x19	6	22	10	38	0
stress_tp4_b8_run01	0x19	6	17	11	34	0
stress_tp4_b8_run01	0x2c	62	27	11	100	0
stress_tp4_b8_run01	0x19	134	33	13	180	1
stress_tp4_b8_run01	0x2c	6	19	12	37	1
stress_tp4_b8_run01	0x2d	6	20	12	38	1
stress_tp4_b8_run01	0x1c	132	39	13	184	1
stress_tp4_b8_run01	0x2e	5	23	11	39	1
stress_tp4_b8_run01	0x2f	5	23	11	39	1
stress_tp4_b8_run01	0x1a	6	19	12	37	1
stress_tp4_b8_run01	0x1b	6	41	23	70	1
stress_tp4_b8_run01	0x1d	5	15	12	32	1
stress_tp4_b8_run01	0x1e	6	10	11	27	1
stress_tp4_b8_run01	0x22	6	13	13	32	0
stress_tp4_b8_run01	0x23	5	12	11	28	0
stress_tp4_b8_run01	0x24	6	14	10	30	0
stress_tp4_b8_run01	0x25	5	12	12	29	0
stress_tp4_b8_run01	0x1f	5	12	10	27	1
stress_tp4_b8_run01	0x20	5	16	10	31	1
stress_tp4_b8_run01	0x21	6	14	9	29	0
stress_tp4_b8_run01	0x30	100	16	11	127	1
stress_tp4_b8_run01	0x31	108	13	10	131	1
stress_tp4_b8_run01	0x32	109	17	12	138	1
stress_tp4_b8_run01	0x33	100	20	12	132	1
stress_tp4_b8_run01	0x22	16	15	11	42	1
stress_tp4_b8_run01	0x23	108	15	12	135	1
stress_tp4_b8_run01	0x24	107	22	15	144	1
stress_tp4_b8_run01	0x25	111	13	13	137	1
stress_tp4_b8_run01	0x26	106	19	11	136	1
stress_tp4_b8_run01	0x27	103	20	12	135	1
stress_tp4_b8_run01	0x21	117	17	13	147	1
stress_tp4_b8_run01	0x39	8	16	10	34	1
stress_tp4_b8_run01	0x3c	6	15	10	31	1
stress_tp4_b8_run01	0x3f	5	13	13	31	1
stress_tp4_b8_run01	0x41	5	13	10	28	1
stress_tp4_b8_run01	0x34	5	17	10	32	1
stress_tp4_b8_run01	0x35	5	13	11	29	1
stress_tp4_b8_run01	0x36	6	13	15	34	1
stress_tp4_b8_run01	0x37	6	14	10	30	1
stress_tp4_b8_run01	0x38	5	13	11	29	1
stress_tp4_b8_run01	0x3a	6	12	10	28	1
stress_tp4_b8_run01	0x3b	6	20	14	40	1
stress_tp4_b8_run01	0x3d	7	11	9	27	1
stress_tp4_b8_run01	0x3e	5	12	12	29	1
stress_tp4_b8_run01	0x40	5	14	9	28	1
stress_tp4_b8_run01	0x30	6	16	10	32	1
stress_tp4_b8_run01	0x42	6	11	10	27	1
stress_tp4_b8_run01	0x43	5	11	9	25	1
stress_tp4_b8_run01	0x44	5	15	9	29	1
stress_tp4_b8_run01	0x45	5	9	9	23	1
stress_tp4_b8_run01	0x46	5	11	11	27	1
stress_tp4_b8_run01	0x47	7	12	10	29	1
stress_tp4_b8_run01	0x48	6	14	11	31	1
stress_tp4_b8_run01	0x49	5	10	10	25	1
stress_tp4_b8_run01	0x4a	7	11	10	28	1
stress_tp4_b8_run01	0x4b	5	11	12	28	1
stress_tp4_b8_run01	0x28	7	12	10	29	1
stress_tp4_b8_run01	0x29	6	11	11	28	1
stress_tp4_b8_run01	0x2a	5	13	10	28	1
stress_tp4_b8_run01	0x2b	5	12	10	27	1
stress_tp4_b8_run01	0x2c	6	12	11	29	1
stress_tp4_b8_run01	0x2d	6	18	11	35	1
stress_tp4_b8_run01	0x2e	5	12	9	26	1
stress_tp4_b8_run01	0x2f	6	14	12	32	1
stress_tp4_b8_run01	0x31	5	14	11	30	1
stress_tp4_b8_run01	0x32	5	15	10	30	1
stress_tp4_b8_run01	0x33	6	12	16	34	1
stress_tp4_b8_run01	0x34	5	15	11	31	1
stress_tp4_b8_run01	0x35	5	10	11	26	1
stress_tp4_b8_run01	0x36	5	13	16	34	1
stress_tp4_b8_run01	0x37	5	9	9	23	1
stress_tp4_b8_run01	0x38	5	14	11	30	1
stress_tp4_b8_run01	0x4c	7	34	13	54	1
stress_tp4_b8_run01	0x4d	5	14	17	36	1
stress_tp4_b8_run01	0x4e	5	18	11	34	1
stress_tp4_b8_run01	0x4f	6	11	11	28	1
stress_tp4_b8_run01	0x50	5	13	11	29	0
stress_tp4_b8_run01	0x50	4	16	11	31	1
stress_tp4_b8_run01	0x51	6	15	11	32	1
stress_tp4_b8_run01	0x52	6	10	10	26	1
stress_tp4_b8_run01	0x53	5	13	11	29	1
stress_tp4_b8_run01	0x54	6	15	28	49	0
stress_tp4_b8_run01	0x54	6	8	9	23	0
stress_tp4_b8_run01	0x54	116	20	12	148	1
stress_tp4_b8_run01	0x55	5	12	10	27	1
stress_tp4_b8_run01	0x56	12	31	23	66	1
stress_tp4_b8_run01	0x57	11	22	21	54	1
stress_tp4_b8_run01	0x58	11	14	20	45	0
stress_tp4_b8_run01	0x58	11	19	20	50	1
stress_tp4_b8_run01	0x59	10	21	21	52	1
stress_tp4_b8_run01	0x5a	11	19	19	49	1
stress_tp4_b8_run01	0x5b	11	20	21	52	1
stress_tp4_b8_run01	0x5c	10	16	20	46	1
stress_tp4_b8_run01	0x5d	11	18	22	51	1
stress_tp4_b8_run01	0x5e	11	13	20	44	0
stress_tp4_b8_run01	0x5e	11	16	24	51	0
stress_tp4_b8_run01	0x5e	10	13	21	44	0
stress_tp4_b8_run01	0x5e	11	13	18	42	0
stress_tp4_b8_run01	0x5e	10	19	20	49	1
stress_tp8_b4_run01	0x1	8	20	14	42	0
stress_tp8_b4_run01	0x1	6	16	13	35	0
stress_tp8_b4_run01	0x1	5	9	11	25	0
stress_tp8_b4_run01	0x1	5	9	12	26	0
stress_tp8_b4_run01	0x1	5	18	13	36	0
stress_tp8_b4_run01	0x1	5	9	10	24	0
stress_tp8_b4_run01	0x1	5	8	11	24	0
stress_tp8_b4_run01	0x1	5	8	11	24	0
stress_tp8_b4_run01	0x1	5	8	12	25	0
stress_tp8_b4_run01	0x1	4	10	10	24	0
stress_tp8_b4_run01	0x1	5	12	10	27	0
stress_tp8_b4_run01	0x1	5	15	11	31	0
stress_tp8_b4_run01	0x1	5	9	15	29	0
stress_tp8_b4_run01	0x1	5	9	9	23	0
stress_tp8_b4_run01	0x1	5	11	13	29	0
stress_tp8_b4_run01	0x1	5	9	10	24	0
stress_tp8_b4_run01	0x1	5	8	11	24	0
stress_tp8_b4_run01	0x1	4	12	9	25	0
stress_tp8_b4_run01	0x1	5	15	11	31	0
stress_tp8_b4_run01	0x1	5	8	10	23	0
stress_tp8_b4_run01	0x1	5	9	13	27	0
stress_tp8_b4_run01	0x1	4	8	12	24	0
stress_tp8_b4_run01	0x1	5	18	11	34	0
stress_tp8_b4_run01	0x1	7	14	11	32	0
stress_tp8_b4_run01	0x1	5	10	13	28	0
stress_tp8_b4_run01	0x1	5	8	11	24	0
stress_tp8_b4_run01	0x1	5	9	12	26	0
stress_tp8_b4_run01	0x1	5	10	11	26	0
stress_tp8_b4_run01	0x1	5	10	10	25	0
stress_tp8_b4_run01	0x1	5	10	14	29	0
stress_tp8_b4_run01	0x1	5	8	10	23	0
stress_tp8_b4_run01	0x1	4	11	10	25	0
stress_tp8_b4_run01	0x1	5	8	19	32	0
stress_tp8_b4_run01	0x1	5	8	13	26	0
stress_tp8_b4_run01	0x1	5	11	12	28	0
stress_tp8_b4_run01	0x1	5	13	10	28	0
stress_tp8_b4_run01	0x1	5	17	15	37	0
stress_tp8_b4_run01	0x1	5	10	15	30	0
stress_tp8_b4_run01	0x1	6	8	11	25	0
stress_tp8_b4_run01	0x1	6	10	10	26	0
stress_tp8_b4_run01	0x1	5	9	13	27	0
stress_tp8_b4_run01	0x1	5	25	10	40	1
stress_tp8_b4_run01	0x2	7	15	25	47	1
stress_tp8_b4_run01	0x3	24	22	70	116	0
stress_tp8_b4_run01	0x3	14	17	22	53	0
stress_tp8_b4_run01	0x3	13	18	23	54	0
stress_tp8_b4_run01	0x3	14	18	20	52	0
stress_tp8_b4_run01	0x3	12	16	22	50	0
stress_tp8_b4_run01	0x3	13	17	26	56	0
stress_tp8_b4_run01	0x3	12	18	21	51	0
stress_tp8_b4_run01	0x3	13	16	20	49	0
stress_tp8_b4_run01	0x3	22	17	21	60	0
stress_tp8_b4_run01	0x3	12	17	25	54	0
stress_tp8_b4_run01	0x3	13	20	23	56	0
stress_tp8_b4_run01	0x3	14	23	21	58	0
stress_tp8_b4_run01	0x3	13	29	23	65	1
stress_tp8_b4_run01	0x4	13	18	25	56	1
stress_tp8_b4_run01	0x5	13	18	23	54	1
stress_tp8_b4_run01	0x6	13	19	29	61	1
stress_tp8_b4_run01	0x7	14	19	25	58	1
stress_tp8_b4_run01	0x1	2609	43	48	2700	1
stress_tp8_b4_run01	0x4	104	34	29	167	1
stress_tp8_b4_run01	0x2	1647	38	31	1716	1
stress_tp8_b4_run01	0x3	14	18	24	56	1
stress_tp8_b4_run01	0x8	14	19	23	56	1
stress_tp8_b4_run01	0x9	14	45	22	81	1
stress_tp8_b4_run01	0x5	13	20	21	54	1
stress_tp8_b4_run01	0x6	14	19	21	54	0
stress_tp8_b4_run01	0x7	14	22	21	57	0
stress_tp8_b4_run01	0xa	13	20	21	54	1
stress_tp8_b4_run01	0x6	14	15	24	53	1
stress_tp8_b4_run01	0x7	13	17	21	51	0
stress_tp8_b4_run01	0xb	15	15	20	50	0
stress_tp8_b4_run01	0x7	12	19	22	53	1
stress_tp8_b4_run01	0xb	14	19	25	58	1
stress_tp8_b4_run01	0xc	13	16	23	52	1
stress_tp8_b4_run01	0x8	16	12	30	58	0
stress_tp8_b4_run01	0x8	128	12	28	168	0
stress_tp8_b4_run01	0x8	15	13	25	53	0
stress_tp8_b4_run01	0x9	12	12	25	49	0
stress_tp8_b4_run01	0x8	12	11	32	55	0
stress_tp8_b4_run01	0x9	12	15	24	51	0
stress_tp8_b4_run01	0x8	13	14	21	48	0
stress_tp8_b4_run01	0x9	13	11	24	48	0
stress_tp8_b4_run01	0x8	12	11	29	52	0
stress_tp8_b4_run01	0x9	12	13	21	46	0
stress_tp8_b4_run01	0x8	12	13	25	50	0
stress_tp8_b4_run01	0x9	12	14	22	48	0
stress_tp8_b4_run01	0x8	12	12	24	48	0
stress_tp8_b4_run01	0x9	12	13	25	50	0
stress_tp8_b4_run01	0x8	12	12	25	49	0
stress_tp8_b4_run01	0x9	11	12	24	47	0
stress_tp8_b4_run01	0x8	12	17	43	72	1
stress_tp8_b4_run01	0x9	14	14	24	52	0
stress_tp8_b4_run01	0xa	13	16	26	55	0
stress_tp8_b4_run01	0x9	13	18	22	53	1
stress_tp8_b4_run01	0xa	12	15	29	56	1
stress_tp8_b4_run01	0xb	14	11	24	49	1
stress_tp8_b4_run01	0xd	15	27	37	79	0
stress_tp8_b4_run01	0xd	99	22	27	148	0
stress_tp8_b4_run01	0xd	1536	27	29	1592	1
stress_tp8_b4_run01	0xe	15	21	26	62	1
stress_tp8_b4_run01	0x10	13	22	25	60	1
stress_tp8_b4_run01	0x11	14	15	21	50	1
stress_tp8_b4_run01	0xf	13	18	24	55	0
stress_tp8_b4_run01	0xf	13	17	21	51	0
stress_tp8_b4_run01	0xf	13	19	23	55	0
stress_tp8_b4_run01	0xf	13	15	24	52	0
stress_tp8_b4_run01	0xf	12	16	26	54	0
stress_tp8_b4_run01	0xf	12	20	21	53	1
stress_tp8_b4_run01	0x12	15	16	21	52	1
stress_tp8_b4_run01	0xc	15	17	26	58	0
stress_tp8_b4_run01	0xc	116	20	24	160	0
stress_tp8_b4_run01	0xc	13	20	21	54	0
stress_tp8_b4_run01	0xd	13	16	21	50	0
stress_tp8_b4_run01	0xc	12	42	27	81	0
stress_tp8_b4_run01	0xd	12	14	23	49	0
stress_tp8_b4_run01	0xc	112	26	24	162	1
stress_tp8_b4_run01	0xd	14	28	21	63	1
stress_tp8_b4_run01	0x13	11	21	27	59	1
stress_tp8_b4_run01	0x10	7	18	10	35	1
stress_tp8_b4_run01	0x11	4	11	13	28	1
stress_tp8_b4_run01	0x14	10	22	16	48	1
stress_tp8_b4_run01	0xe	4	11	8	23	1
stress_tp8_b4_run01	0xf	4	12	9	25	1
stress_tp8_b4_run01	0x12	5	15	15	35	1
stress_tp8_b4_run01	0x13	5	10	9	24	1
stress_tp8_b4_run01	0x14	7	26	11	44	1
stress_tp8_b4_run01	0x15	6	13	11	30	1
stress_tp8_b4_run01	0x16	6	10	10	26	0
stress_tp8_b4_run01	0x16	5	11	10	26	1
stress_tp8_b4_run01	0x17	5	11	10	26	0
stress_tp8_b4_run01	0x17	5	12	9	26	1
stress_tp8_b4_run01	0x15	52	15	11	78	0
stress_tp8_b4_run01	0x15	5	8	10	23	0
stress_tp8_b4_run01	0x16	137	13	10	160	0
stress_tp8_b4_run01	0x15	5	17	8	30	1
stress_tp8_b4_run01	0x16	180	21	8	209	1
stress_tp8_b4_run01	0x17	118	12	9	139	0
stress_tp8_b4_run01	0x19	6	9	12	27	0
stress_tp8_b4_run01	0x1c	105	11	16	132	0
stress_tp8_b4_run01	0x17	5	11	10	26	1
stress_tp8_b4_run01	0x18	5	13	8	26	0
stress_tp8_b4_run01	0x1a	5	12	8	25	1
stress_tp8_b4_run01	0x1b	5	12	8	25	1
stress_tp8_b4_run01	0x1d	6	12	9	27	1
stress_tp8_b4_run01	0x19	6	26	13	45	1
stress_tp8_b4_run01	0x1c	178	28	9	215	1
stress_tp8_b4_run01	0x20	133	21	12	166	1
stress_tp8_b4_run01	0x18	125	27	14	166	1
stress_tp8_b4_run01	0x21	5	24	20	49	1
stress_tp8_b4_run01	0x22	4	16	9	29	1
stress_tp8_b4_run01	0x23	4	18	10	32	1
stress_tp8_b4_run01	0x1e	4	42	17	63	1
stress_tp8_b4_run01	0x1f	4	18	10	32	1
stress_tp8_b4_run01	0x18	5	23	13	41	1
stress_tp8_b4_run01	0x19	6	20	10	36	1
stress_tp8_b4_run01	0x1a	6	15	16	37	1
stress_tp8_b4_run01	0x27	126	19	11	156	1
stress_tp8_b4_run01	0x28	119	14	25	158	1
stress_tp8_b4_run01	0x29	110	13	11	134	1
stress_tp8_b4_run01	0x20	6	13	10	29	1
stress_tp8_b4_run01	0x21	6	13	10	29	1
stress_tp8_b4_run01	0x22	5	19	9	33	1
stress_tp8_b4_run01	0x1b	5	10	9	24	1
stress_tp8_b4_run01	0x24	5	13	10	28	1
stress_tp8_b4_run01	0x25	5	23	10	38	1
stress_tp8_b4_run01	0x26	5	11	8	24	1
stress_tp8_b4_run01	0x1c	6	13	11	30	1
stress_tp8_b4_run01	0x1d	121	13	10	144	1
stress_tp8_b4_run01	0x1e	7	13	13	33	1
stress_tp8_b4_run01	0x1f	5	13	10	28	1
stress_tp8_b4_run01	0x2a	7	12	12	31	1
stress_tp8_b4_run01	0x2b	5	11	9	25	1
stress_tp8_b4_run01	0x23	7	19	12	38	1
stress_tp8_b4_run01	0x32	5	18	9	32	1
stress_tp8_b4_run01	0x33	5	18	9	32	1
stress_tp8_b4_run01	0x34	4	11	8	23	1
stress_tp8_b4_run01	0x27	6	12	10	28	1
stress_tp8_b4_run01	0x29	5	11	13	29	1
stress_tp8_b4_run01	0x2a	4	11	11	26	1
stress_tp8_b4_run01	0x2b	6	13	10	29	1
stress_tp8_b4_run01	0x35	4	11	10	25	1
stress_tp8_b4_run01	0x36	6	10	11	27	1
stress_tp8_b4_run01	0x2c	4	10	10	24	1
stress_tp8_b4_run01	0x2d	5	9	8	22	1
stress_tp8_b4_run01	0x2e	4	12	9	25	1
stress_tp8_b4_run01	0x2f	4	14	8	26	1
stress_tp8_b4_run01	0x30	5	10	9	24	1
stress_tp8_b4_run01	0x31	5	11	9	25	1
stress_tp8_b4_run01	0x24	7	13	9	29	1
stress_tp8_b4_run01	0x25	5	13	9	27	1
stress_tp8_b4_run01	0x26	6	12	12	30	1
stress_tp8_b4_run01	0x28	7	13	10	30	1
stress_tp8_b4_run01	0x37	5	11	8	24	1
stress_tp8_b4_run01	0x38	5	9	8	22	1
stress_tp8_b4_run01	0x39	5	11	7	23	1
stress_tp8_b4_run01	0x3a	4	9	11	24	1
stress_tp8_b4_run01	0x3b	5	9	8	22	1
stress_tp8_b4_run01	0x3c	4	9	8	21	1
stress_tp8_b4_run01	0x2c	6	11	9	26	1
stress_tp8_b4_run01	0x2d	5	11	9	25	1
stress_tp8_b4_run01	0x2e	5	11	13	29	1
stress_tp8_b4_run01	0x2f	5	9	9	23	1
stress_tp8_b4_run01	0x30	8	29	12	49	1
stress_tp8_b4_run01	0x31	6	18	11	35	1
stress_tp8_b4_run01	0x32	5	20	10	35	1
stress_tp8_b4_run01	0x33	6	11	10	27	1
stress_tp8_b4_run01	0x34	8	23	12	43	1
stress_tp8_b4_run01	0x35	7	11	10	28	1
stress_tp8_b4_run01	0x36	7	38	11	56	1
stress_tp8_b4_run01	0x37	5	17	11	33	1
stress_tp8_b4_run01	0x38	5	18	10	33	1
stress_tp8_b4_run01	0x39	5	17	9	31	1
stress_tp8_b4_run01	0x3a	5	10	8	23	0
stress_tp8_b4_run01	0x3a	5	8	8	21	0
stress_tp8_b4_run01	0x3a	4	8	12	24	0
stress_tp8_b4_run01	0x3a	4	7	8	19	0
stress_tp8_b4_run01	0x3a	4	8	8	20	0
stress_tp8_b4_run01	0x3a	3	9	8	20	0
stress_tp8_b4_run01	0x3a	4	8	8	20	0
stress_tp8_b4_run01	0x3a	4	7	8	19	0
stress_tp8_b4_run01	0x3a	4	7	8	19	0
stress_tp8_b4_run01	0x3a	4	8	7	19	0
stress_tp8_b4_run01	0x3a	4	12	8	24	1
stress_tp8_b4_run02_stage_trace	0x1	8	37	15	60	0
stress_tp8_b4_run02_stage_trace	0x1	6	20	13	39	0
stress_tp8_b4_run02_stage_trace	0x1	5	14	14	33	0
stress_tp8_b4_run02_stage_trace	0x1	5	20	13	38	0
stress_tp8_b4_run02_stage_trace	0x1	6	13	11	30	0
stress_tp8_b4_run02_stage_trace	0x1	5	20	13	38	0
stress_tp8_b4_run02_stage_trace	0x1	4	20	11	35	0
stress_tp8_b4_run02_stage_trace	0x1	5	17	13	35	0
stress_tp8_b4_run02_stage_trace	0x1	5	16	12	33	0
stress_tp8_b4_run02_stage_trace	0x1	5	16	13	34	0
stress_tp8_b4_run02_stage_trace	0x1	4	18	12	34	0
stress_tp8_b4_run02_stage_trace	0x1	4	8	9	21	0
stress_tp8_b4_run02_stage_trace	0x1	5	7	10	22	0
stress_tp8_b4_run02_stage_trace	0x1	4	18	10	32	0
stress_tp8_b4_run02_stage_trace	0x1	6	13	11	30	0
stress_tp8_b4_run02_stage_trace	0x1	5	10	11	26	0
stress_tp8_b4_run02_stage_trace	0x1	5	18	11	34	0
stress_tp8_b4_run02_stage_trace	0x1	4	8	9	21	0
stress_tp8_b4_run02_stage_trace	0x1	4	9	9	22	0
stress_tp8_b4_run02_stage_trace	0x1	4	10	10	24	0
stress_tp8_b4_run02_stage_trace	0x1	5	13	11	29	0
stress_tp8_b4_run02_stage_trace	0x1	4	12	9	25	0
stress_tp8_b4_run02_stage_trace	0x1	5	11	10	26	0
stress_tp8_b4_run02_stage_trace	0x1	5	8	11	24	0
stress_tp8_b4_run02_stage_trace	0x1	4	10	11	25	0
stress_tp8_b4_run02_stage_trace	0x1	4	12	9	25	0
stress_tp8_b4_run02_stage_trace	0x1	4	10	9	23	0
stress_tp8_b4_run02_stage_trace	0x1	4	9	16	29	0
stress_tp8_b4_run02_stage_trace	0x1	5	9	9	23	0
stress_tp8_b4_run02_stage_trace	0x1	5	10	11	26	0
stress_tp8_b4_run02_stage_trace	0x1	5	17	10	32	0
stress_tp8_b4_run02_stage_trace	0x1	4	13	9	26	0
stress_tp8_b4_run02_stage_trace	0x1	4	10	18	32	0
stress_tp8_b4_run02_stage_trace	0x1	5	23	9	37	1
stress_tp8_b4_run02_stage_trace	0x2	6	12	11	29	0
stress_tp8_b4_run02_stage_trace	0x2	4	8	11	23	0
stress_tp8_b4_run02_stage_trace	0x2	5	12	10	27	0
stress_tp8_b4_run02_stage_trace	0x2	5	10	9	24	0
stress_tp8_b4_run02_stage_trace	0x2	4	12	17	33	0
stress_tp8_b4_run02_stage_trace	0x2	4	14	9	27	1
stress_tp8_b4_run02_stage_trace	0x3	10	18	28	56	0
stress_tp8_b4_run02_stage_trace	0x3	6	8	9	23	0
stress_tp8_b4_run02_stage_trace	0x3	5	7	9	21	0
stress_tp8_b4_run02_stage_trace	0x3	4	21	10	35	0
stress_tp8_b4_run02_stage_trace	0x3	5	10	12	27	0
stress_tp8_b4_run02_stage_trace	0x3	4	18	11	33	0
stress_tp8_b4_run02_stage_trace	0x3	4	9	8	21	0
stress_tp8_b4_run02_stage_trace	0x3	5	10	11	26	0
stress_tp8_b4_run02_stage_trace	0x3	5	11	15	31	0
stress_tp8_b4_run02_stage_trace	0x3	5	7	9	21	0
stress_tp8_b4_run02_stage_trace	0x3	5	11	8	24	0
stress_tp8_b4_run02_stage_trace	0x3	4	10	11	25	0
stress_tp8_b4_run02_stage_trace	0x3	4	15	15	34	0
stress_tp8_b4_run02_stage_trace	0x3	5	7	8	20	0
stress_tp8_b4_run02_stage_trace	0x3	4	11	11	26	0
stress_tp8_b4_run02_stage_trace	0x3	5	17	12	34	0
stress_tp8_b4_run02_stage_trace	0x3	3	17	11	31	0
stress_tp8_b4_run02_stage_trace	0x3	5	17	12	34	0
stress_tp8_b4_run02_stage_trace	0x3	5	18	11	34	0
stress_tp8_b4_run02_stage_trace	0x3	5	16	12	33	0
stress_tp8_b4_run02_stage_trace	0x3	4	21	10	35	0
stress_tp8_b4_run02_stage_trace	0x3	4	17	10	31	0
stress_tp8_b4_run02_stage_trace	0x3	4	23	9	36	1
stress_tp8_b4_run02_stage_trace	0x4	5	22	12	39	1
stress_tp8_b4_run02_stage_trace	0x5	4	13	8	25	1
stress_tp8_b4_run02_stage_trace	0x6	5	11	10	26	0
stress_tp8_b4_run02_stage_trace	0x6	4	19	9	32	1
stress_tp8_b4_run02_stage_trace	0x7	6	22	11	39	1
stress_tp8_b4_run02_stage_trace	0x1	9	21	14	44	0
stress_tp8_b4_run02_stage_trace	0x1	165	30	16	211	0
stress_tp8_b4_run02_stage_trace	0x1	6	14	11	31	0
stress_tp8_b4_run02_stage_trace	0x2	6	20	11	37	0
stress_tp8_b4_run02_stage_trace	0x1	6	16	15	37	0
stress_tp8_b4_run02_stage_trace	0x2	5	14	13	32	0
stress_tp8_b4_run02_stage_trace	0x1	6	18	14	38	0
stress_tp8_b4_run02_stage_trace	0x2	5	19	13	37	0
stress_tp8_b4_run02_stage_trace	0x1	5	16	11	32	0
stress_tp8_b4_run02_stage_trace	0x2	5	22	13	40	0
stress_tp8_b4_run02_stage_trace	0x1	5	17	14	36	0
stress_tp8_b4_run02_stage_trace	0x2	5	19	13	37	0
stress_tp8_b4_run02_stage_trace	0x1	5	20	27	52	0
stress_tp8_b4_run02_stage_trace	0x2	6	15	15	36	0
stress_tp8_b4_run02_stage_trace	0x1	5	19	13	37	0
stress_tp8_b4_run02_stage_trace	0x2	5	17	15	37	0
stress_tp8_b4_run02_stage_trace	0x1	5	19	13	37	0
stress_tp8_b4_run02_stage_trace	0x2	6	16	11	33	0
stress_tp8_b4_run02_stage_trace	0x1	5	15	11	31	0
stress_tp8_b4_run02_stage_trace	0x2	5	15	12	32	0
stress_tp8_b4_run02_stage_trace	0x1	5	17	11	33	0
stress_tp8_b4_run02_stage_trace	0x2	5	9	15	29	0
stress_tp8_b4_run02_stage_trace	0x1	6	9	12	27	0
stress_tp8_b4_run02_stage_trace	0x2	5	8	11	24	0
stress_tp8_b4_run02_stage_trace	0x1	5	13	9	27	0
stress_tp8_b4_run02_stage_trace	0x2	5	13	15	33	0
stress_tp8_b4_run02_stage_trace	0x1	5	13	9	27	0
stress_tp8_b4_run02_stage_trace	0x2	5	12	9	26	0
stress_tp8_b4_run02_stage_trace	0x1	5	16	10	31	1
stress_tp8_b4_run02_stage_trace	0x2	6	11	10	27	0
stress_tp8_b4_run02_stage_trace	0x3	5	14	11	30	0
stress_tp8_b4_run02_stage_trace	0x2	5	15	10	30	0
stress_tp8_b4_run02_stage_trace	0x3	5	35	19	59	0
stress_tp8_b4_run02_stage_trace	0x2	5	13	9	27	1
stress_tp8_b4_run02_stage_trace	0x3	5	18	11	34	1
stress_tp8_b4_run02_stage_trace	0x4	1389	28	11	1428	1
stress_tp8_b4_run02_stage_trace	0x8	5	16	10	31	1
stress_tp8_b4_run02_stage_trace	0xa	1348	18	13	1379	1
stress_tp8_b4_run02_stage_trace	0x9	140	21	13	174	1
stress_tp8_b4_run02_stage_trace	0x5	1253	27	11	1291	1
stress_tp8_b4_run02_stage_trace	0x6	1201	26	11	1238	1
stress_tp8_b4_run02_stage_trace	0xd	1198	18	13	1229	1
stress_tp8_b4_run02_stage_trace	0x9	8	13	10	31	1
stress_tp8_b4_run02_stage_trace	0xc	5	11	9	25	1
stress_tp8_b4_run02_stage_trace	0xb	26	24	10	60	1
stress_tp8_b4_run02_stage_trace	0xc	121	18	9	148	1
stress_tp8_b4_run02_stage_trace	0x7	6	18	10	34	1
stress_tp8_b4_run02_stage_trace	0x8	6	15	9	30	1
stress_tp8_b4_run02_stage_trace	0xa	6	17	11	34	1
stress_tp8_b4_run02_stage_trace	0xb	5	14	10	29	1
stress_tp8_b4_run02_stage_trace	0x11	6	22	10	38	1
stress_tp8_b4_run02_stage_trace	0x13	4	14	10	28	1
stress_tp8_b4_run02_stage_trace	0xd	6	15	13	34	1
stress_tp8_b4_run02_stage_trace	0xe	5	13	11	29	1
stress_tp8_b4_run02_stage_trace	0xf	5	14	10	29	1
stress_tp8_b4_run02_stage_trace	0x10	6	11	10	27	1
stress_tp8_b4_run02_stage_trace	0xe	5	11	8	24	1
stress_tp8_b4_run02_stage_trace	0xf	5	15	11	31	1
stress_tp8_b4_run02_stage_trace	0x10	5	16	7	28	1
stress_tp8_b4_run02_stage_trace	0x12	5	14	11	30	1
stress_tp8_b4_run02_stage_trace	0x14	4	10	8	22	1
stress_tp8_b4_run02_stage_trace	0x15	5	13	9	27	1
stress_tp8_b4_run02_stage_trace	0x16	4	12	13	29	1
stress_tp8_b4_run02_stage_trace	0x17	4	25	11	40	1
stress_tp8_b4_run02_stage_trace	0x18	8	30	13	51	1
stress_tp8_b4_run02_stage_trace	0x19	7	21	13	41	1
stress_tp8_b4_run02_stage_trace	0x1a	6	21	13	40	1
stress_tp8_b4_run02_stage_trace	0x1b	6	23	13	42	1
stress_tp8_b4_run02_stage_trace	0x1c	6	11	15	32	0
stress_tp8_b4_run02_stage_trace	0x1c	111	13	24	148	0
stress_tp8_b4_run02_stage_trace	0x1c	7	11	12	30	0
stress_tp8_b4_run02_stage_trace	0x1d	137	17	14	168	0
stress_tp8_b4_run02_stage_trace	0x1c	133	17	14	164	1
stress_tp8_b4_run02_stage_trace	0x1d	6	27	19	52	1
stress_tp8_b4_run02_stage_trace	0x1e	6	14	13	33	0
stress_tp8_b4_run02_stage_trace	0x20	5	9	15	29	0
stress_tp8_b4_run02_stage_trace	0x21	6	9	11	26	0
stress_tp8_b4_run02_stage_trace	0x1e	5	8	10	23	0
stress_tp8_b4_run02_stage_trace	0x1f	5	10	9	24	0
stress_tp8_b4_run02_stage_trace	0x11	17	16	12	45	1
stress_tp8_b4_run02_stage_trace	0x12	7	11	12	30	0
stress_tp8_b4_run02_stage_trace	0x20	87	17	13	117	1
stress_tp8_b4_run02_stage_trace	0x21	117	15	15	147	1
stress_tp8_b4_run02_stage_trace	0x1e	122	20	22	164	1
stress_tp8_b4_run02_stage_trace	0x1f	124	29	23	176	1
stress_tp8_b4_run02_stage_trace	0x15	6	19	16	41	1
stress_tp8_b4_run02_stage_trace	0x12	6	36	13	55	1
stress_tp8_b4_run02_stage_trace	0x13	7	11	21	39	1
stress_tp8_b4_run02_stage_trace	0x14	135	16	16	167	1
stress_tp8_b4_run02_stage_trace	0x26	7	17	11	35	1
stress_tp8_b4_run02_stage_trace	0x29	6	33	18	57	1
stress_tp8_b4_run02_stage_trace	0x16	122	16	11	149	1
stress_tp8_b4_run02_stage_trace	0x17	7	11	16	34	1
stress_tp8_b4_run02_stage_trace	0x1a	8	11	15	34	1
stress_tp8_b4_run02_stage_trace	0x22	67	22	14	103	1
stress_tp8_b4_run02_stage_trace	0x23	112	17	15	144	1
stress_tp8_b4_run02_stage_trace	0x24	7	16	15	38	1
stress_tp8_b4_run02_stage_trace	0x25	7	15	12	34	1
stress_tp8_b4_run02_stage_trace	0x27	6	26	11	43	1
stress_tp8_b4_run02_stage_trace	0x28	6	15	18	39	1
stress_tp8_b4_run02_stage_trace	0x2a	6	13	13	32	1
stress_tp8_b4_run02_stage_trace	0x2b	6	14	16	36	1
stress_tp8_b4_run02_stage_trace	0x18	117	20	13	150	1
stress_tp8_b4_run02_stage_trace	0x19	6	12	9	27	1
stress_tp8_b4_run02_stage_trace	0x2e	6	19	10	35	1
stress_tp8_b4_run02_stage_trace	0x31	6	12	10	28	1
stress_tp8_b4_run02_stage_trace	0x32	6	11	9	26	1
stress_tp8_b4_run02_stage_trace	0x33	5	12	11	28	1
stress_tp8_b4_run02_stage_trace	0x34	5	13	10	28	1
stress_tp8_b4_run02_stage_trace	0x35	5	11	9	25	1
stress_tp8_b4_run02_stage_trace	0x36	6	11	10	27	1
stress_tp8_b4_run02_stage_trace	0x37	6	11	10	27	1
stress_tp8_b4_run02_stage_trace	0x25	6	12	10	28	1
stress_tp8_b4_run02_stage_trace	0x26	5	12	9	26	1
stress_tp8_b4_run02_stage_trace	0x1b	5	11	10	26	1
stress_tp8_b4_run02_stage_trace	0x1c	6	11	10	27	1
stress_tp8_b4_run02_stage_trace	0x2c	5	19	12	36	1
stress_tp8_b4_run02_stage_trace	0x2d	6	18	12	36	1
stress_tp8_b4_run02_stage_trace	0x2f	6	13	13	32	1
stress_tp8_b4_run02_stage_trace	0x30	6	14	26	46	1
stress_tp8_b4_run02_stage_trace	0x1d	8	15	12	35	1
stress_tp8_b4_run02_stage_trace	0x1e	6	13	11	30	1
stress_tp8_b4_run02_stage_trace	0x1f	6	13	14	33	1
stress_tp8_b4_run02_stage_trace	0x20	6	12	10	28	1
stress_tp8_b4_run02_stage_trace	0x21	6	13	11	30	1
stress_tp8_b4_run02_stage_trace	0x22	6	13	9	28	1
stress_tp8_b4_run02_stage_trace	0x23	6	16	14	36	1
stress_tp8_b4_run02_stage_trace	0x24	6	13	11	30	1
stress_tp8_b4_run02_stage_trace	0x27	6	17	12	35	1
stress_tp8_b4_run02_stage_trace	0x28	5	13	13	31	1
stress_tp8_b4_run02_stage_trace	0x38	8	27	11	46	1
stress_tp8_b4_run02_stage_trace	0x39	6	15	12	33	1
stress_tp8_b4_run02_stage_trace	0x3a	6	18	12	36	1
stress_tp8_b4_run02_stage_trace	0x3b	6	12	13	31	1
stress_tp8_b4_run02_stage_trace	0x29	6	13	14	33	1
stress_tp8_b4_run02_stage_trace	0x2a	5	18	11	34	1
stress_tp8_b4_run02_stage_trace	0x2b	5	12	11	28	1
stress_tp8_b4_run02_stage_trace	0x2c	5	11	11	27	1
stress_tp8_b4_run02_stage_trace	0x2d	5	14	12	31	1
stress_tp8_b4_run02_stage_trace	0x2e	5	13	9	27	1
stress_tp8_b4_run02_stage_trace	0x2f	5	16	11	32	1
stress_tp8_b4_run02_stage_trace	0x30	5	10	11	26	1
stress_tp8_b4_run02_stage_trace	0x3c	7	27	11	45	1
stress_tp8_b4_run02_stage_trace	0x3d	17	22	12	51	1
stress_tp8_b4_run02_stage_trace	0x3e	6	28	10	44	0
stress_tp8_b4_run02_stage_trace	0x3e	5	17	11	33	1
stress_tp8_b4_run02_stage_trace	0x3f	5	20	9	34	1
stress_tp8_b4_run02_stage_trace	0x40	6	21	10	37	1
stress_tp8_b4_run02_stage_trace	0x41	5	18	10	33	1
stress_tp8_b4_run02_stage_trace	0x42	13	39	22	74	1
stress_tp8_b4_run02_stage_trace	0x43	19	46	24	89	1
stress_tp8_b4_run02_stage_trace	0x44	11	20	24	55	1
stress_tp8_b4_run02_stage_trace	0x45	11	17	22	50	1
stress_tp8_b4_run02_stage_trace	0x46	11	22	20	53	0
stress_tp8_b4_run02_stage_trace	0x46	10	16	19	45	0
stress_tp8_b4_run02_stage_trace	0x46	10	20	21	51	0
stress_tp8_b4_run02_stage_trace	0x46	11	19	20	50	0
stress_tp8_b4_run02_stage_trace	0x46	10	14	24	48	0
stress_tp8_b4_run02_stage_trace	0x46	11	21	19	51	1
